"symbol","CP","type","strike","ask","EP Buy","Llhd Blw EP","EV Blw EP","EV"
"AAPL",166.47,"put",167.5,2.63,164.87,0.45227,158.043757653903,164.677472586935
"AAPL",166.47,"put",165,1.57,163.43,0.38486,156.972371073423,151.951326868235
"AAPL",166.47,"put",170,4.2,165.8,0.4979,158.712002056217,142.029417620942
"AAPL",166.47,"put",162.5,0.89,161.61,0.30782,155.580261098971,124.003402851481
"AAPL",166.47,"put",160,0.5,159.5,0.22931,153.865852220026,90.6621427425838
"AAPL",166.47,"put",157.5,0.29,157.21,0.15997,151.899192705271,60.5961142937763
"AAPL",166.47,"put",155,0.17,154.83,0.10496,149.707416462344,38.5509568112417
"AAPL",166.47,"put",152.5,0.11,152.39,0.06638,147.400429981567,22.8509457823589
"AAPL",166.47,"put",150,0.08,149.92,0.04077,144.984019828516,12.4501511591384
"AAPL",166.47,"put",149,0.07,148.93,0.03293,143.918471285679,9.73347405626063
"AAPL",166.47,"put",148,0.06,147.94,0.02697,142.909256756977,7.72973452643253
"AAPL",166.47,"put",147,0.06,146.94,0.02169,141.804319813908,5.26943032363436
"AAPL",166.47,"put",146,0.05,145.95,0.0178,140.784748751745,4.28314722189347
"AAPL",166.47,"put",145,0.05,144.95,0.01437,139.669862626899,2.65940740514674
"AAPL",166.47,"put",144,0.04,143.96,0.0115,138.47182496209,2.35740129359645
"AAPL",166.47,"put",143,0.04,142.96,0.00915,137.185895214295,1.31990587892037
"AAPL",166.47,"put",141,0.03,140.97,0.006,134.647352855604,0.811588286637482
"AAPL",166.47,"put",142,0.04,141.96,0.00745,135.977126213535,0.48704097091672
"AAPL",166.47,"put",140,0.03,139.97,0.00492,133.356831721029,0.268438793253811
"NVDA",276.67,"put",275,6.3,268.7,0.37968,252.596022745937,220.634208382282
"NVDA",276.67,"put",272.5,5.25,267.25,0.35442,251.498483810563,219.335736786009
"NVDA",276.67,"put",277.5,7.5,270,0.40196,253.525040644783,213.697466242291
"NVDA",276.67,"put",280,8.85,271.15,0.42258,254.356830268258,198.629066523949
"NVDA",276.67,"put",282.5,10.3,272.2,0.44185,255.111810482237,180.14715384234
"NVDA",276.67,"put",270,4.65,265.35,0.32221,250.018619160949,178.820072015059
"NVDA",276.67,"put",265,3.05,261.95,0.26895,247.315583230597,170.622389013095
"NVDA",276.67,"put",262.5,2.46,260.04,0.24105,245.730992678156,158.216921493056
"NVDA",276.67,"put",260,1.95,258.05,0.21375,244.028584291759,146.389010763656
"NVDA",276.67,"put",257.5,1.58,255.92,0.18811,242.259646141472,128.686296432775
"NVDA",276.67,"put",267.5,4.3,263.2,0.28798,248.323053439289,122.257707055361
"NVDA",276.67,"put",255,1.22,253.78,0.16347,240.359104704615,117.334715393652
"NVDA",276.67,"put",252.5,0.99,251.51,0.14113,238.411361959019,99.8329486723606
"NVDA",276.67,"put",250,0.75,249.25,0.12146,236.470971368137,89.3235817626064
"NVDA",276.67,"put",287.5,14.05,273.45,0.4653,256.00450462457,60.4853998187651
"NVDA",276.67,"put",285,12.65,272.35,0.44457,255.216797926473,59.0718145827752
"NVDA",276.67,"put",247.5,0.85,246.65,0.1007,234.096976528436,49.9684463586519
"NVDA",276.67,"put",240,0.29,239.71,0.06008,227.796062090122,44.3212589625456
"NVDA",276.67,"put",237.5,0.23,237.27,0.04942,225.48128235478,36.3965026026782
"NVDA",276.67,"put",245,0.75,244.25,0.08465,231.939081096298,35.560678519837
"NVDA",276.67,"put",242.5,0.55,241.95,0.07161,229.902124569624,35.2133859569205
"NVDA",276.67,"put",232.5,0.16,232.34,0.03322,220.890786632038,22.5658068083682
"NVDA",276.67,"put",235,0.3,234.7,0.04038,223.129267577647,17.9340175214607
"NVDA",276.67,"put",230,0.15,229.85,0.02672,218.4130157983,15.9604217869436
"NVDA",276.67,"put",227.5,0.11,227.39,0.0219,216.164844913095,13.8239896403217
"NVDA",276.67,"put",225,0.12,224.88,0.01747,213.616074108335,7.88771853273925
"NVDA",276.67,"put",220,0.06,219.94,0.01173,209.235128876734,6.62719382759142
"NVDA",276.67,"put",217.5,0.05,217.45,0.0094,206.884998547485,4.97810136536402
"NVDA",276.67,"put",215,0.04,214.96,0.00777,204.909911649288,3.83999864850333
"NVDA",276.67,"put",210,0.02,209.98,0.00479,200.174621842158,2.70635613760631
"NVDA",276.67,"put",212.5,0.04,212.46,0.00623,202.728498477563,2.08764544847849
"NVDA",276.67,"put",205,0.02,204.98,0.00294,195.353708350983,0.836009744811049
"JNJ",161.01,"put",160,1.05,158.95,0.32577,155.86116306245,29.830890914582
"JNJ",161.01,"put",162.5,2.26,160.24,0.44248,156.849966438982,24.0026850079423
"JNJ",161.01,"put",157.5,0.48,157.02,0.18558,154.213651144945,12.988062052109
"JNJ",161.01,"put",155,0.24,154.76,0.08608,152.151904467255,0.516406345871339
"UNH",504.48,"put",505,6.15,498.85,0.42671,481.391392455983,392.402892510756
"UNH",504.48,"put",507.5,7.45,500.05,0.44885,482.282253613663,386.898546550724
"UNH",504.48,"put",502.5,5.1,497.4,0.40053,480.298093704264,379.252952863113
"UNH",504.48,"put",510,8.9,501.1,0.46792,483.027609550376,372.092093918794
"UNH",504.48,"put",500,4.15,495.85,0.37308,479.096168659954,364.880139634428
"UNH",504.48,"put",512.5,10.5,502,0.48559,483.701432922558,348.429618713497
"UNH",504.48,"put",497.5,3.4,494.1,0.34389,477.747121280207,339.281746294953
"UNH",504.48,"put",495,2.8,492.2,0.31322,476.237793476158,307.66983273979
"UNH",504.48,"put",515,12.3,502.7,0.49852,484.185196190441,306.179599514113
"UNH",504.48,"put",492.5,2.3,490.2,0.28247,474.606966044515,275.42453014059
"UNH",504.48,"put",490,1.88,488.12,0.25354,472.946027915948,244.386408219065
"UNH",504.48,"put",487.5,1.52,485.98,0.22533,471.181293086104,215.709422890808
"UNH",504.48,"put",517.5,14.65,502.85,0.50142,484.29273315721,200.078774031195
"UNH",504.48,"put",485,1.26,483.74,0.19761,469.261076757814,185.016862188836
"UNH",504.48,"put",520,16.5,503.5,0.51339,484.732759571414,160.584856363173
"UNH",504.48,"put",480,0.86,479.14,0.14951,465.31559286868,133.546571020362
"UNH",504.48,"put",475,0.55,474.45,0.10997,461.160807182272,97.18960341655
"UNH",504.48,"put",522.5,18.65,503.85,0.51956,484.957661503072,85.5497389463699
"UNH",504.48,"put",470,0.45,469.55,0.0779,456.667822117015,58.8576657084534
"UNH",504.48,"put",465,0.51,464.49,0.05437,452.132313106132,18.9616136419587
"UNH",504.48,"put",460,0.28,459.72,0.03801,447.779284896343,18.4509381089993
"UNH",504.48,"put",455,0.22,454.78,0.02595,443.286810860339,8.39572581742011
"JPM",141.4,"put",142,1.82,140.18,0.45648,134.63477737026,154.207682602367
"JPM",141.4,"put",141,1.36,139.64,0.4241,134.232088102347,151.027143579462
"JPM",141.4,"put",143,2.43,140.57,0.47974,134.91308031567,144.961884936036
"JPM",141.4,"put",140,0.98,139.02,0.38766,133.75287684784,144.17597611662
"JPM",141.4,"put",144,3.1,140.9,0.4995,135.143318774391,132.391227219177
"JPM",141.4,"put",139,0.71,138.29,0.34742,133.184947503756,131.026553824512
"JPM",141.4,"put",138,0.51,137.49,0.30558,132.540490923895,115.831678347606
"JPM",141.4,"put",145,3.95,141.05,0.50851,135.246644652998,100.96787275041
"JPM",141.4,"put",137,0.38,136.62,0.26364,131.822083416712,98.5105928017998
"JPM",141.4,"put",136,0.28,135.72,0.22402,131.052345515107,82.8373557705732
"JPM",141.4,"put",146,4.8,141.2,0.51802,135.354523674612,71.4569646077516
"JPM",141.4,"put",135,0.21,134.79,0.18811,130.249979276375,68.3526398321034
"JPM",141.4,"put",134,0.17,133.83,0.15541,129.394180667389,54.5790382481145
"JPM",141.4,"put",133,0.14,132.86,0.12669,128.494762825773,43.0768497602787
"JPM",141.4,"put",132,0.12,131.88,0.10274,127.587013690459,33.3390213442229
"JPM",141.4,"put",131,0.1,130.9,0.08342,126.703068826316,25.8449998508738
"JPM",141.4,"put",147,5.8,141.2,0.51802,135.354523674612,23.2589646077516
"JPM",141.4,"put",130,0.08,129.92,0.06682,125.779640813562,20.2004400837798
"JPM",141.4,"put",129,0.07,128.93,0.05336,124.855288674944,15.1161796305005
"JPM",141.4,"put",128,0.06,127.94,0.04266,123.950669769691,11.2744427624992
"JPM",141.4,"put",127,0.06,126.94,0.03337,122.969884551325,7.44849525222949
"JPM",141.4,"put",126,0.05,125.95,0.02614,122.000105896912,5.45572318547083
"JPM",141.4,"put",125,0.04,124.96,0.02069,121.089124872046,4.09160063973741
"JPM",141.4,"put",124,0.04,123.96,0.01591,120.066967848751,2.25745415263744
"JPM",141.4,"put",123,0.04,122.96,0.01233,119.07874797909,0.834903741781824
"JPM",141.4,"put",122,0.03,121.97,0.00961,118.118131621307,0.730475511923768
"WMT",149.85,"put",150,1.3,148.7,0.42747,144.914152410425,87.4047269115818
"WMT",149.85,"put",149,0.91,148.09,0.37791,144.457516997037,80.6649751649638
"WMT",149.85,"put",148,0.63,147.37,0.32141,143.881004550397,69.388632745681
"WMT",149.85,"put",152.5,2.9,149.6,0.50356,145.5543395648,59.7556768749203
"WMT",149.85,"put",147,0.47,146.53,0.26292,143.197684304384,52.9704842691445
"WMT",149.85,"put",146,0.32,145.68,0.20978,142.458676329882,42.2898879517283
"WMT",149.85,"put",145,0.23,144.77,0.16291,141.658192422897,31.441387238591
"WMT",149.85,"put",144,0.17,143.83,0.12421,140.8298555856,22.3763637712627
"WMT",149.85,"put",143,0.13,142.87,0.09132,139.914206085616,15.1794700261583
"WMT",149.85,"put",142,0.1,141.9,0.06779,139.048935673181,10.0052650715052
"WMT",149.85,"put",141,0.08,140.92,0.04833,138.090450048632,6.06185491496377
"WMT",149.85,"put",140,0.07,139.93,0.03438,137.134682129045,2.85096284034245
"WMT",149.85,"put",139,0.05,138.95,0.02473,136.226874063287,1.8579404414902
"MA",372.32,"put",372.5,6.6,365.9,0.37493,353.087967119683,67.8153487817332
"MA",372.32,"put",370,5.55,364.45,0.34317,351.969782656079,63.7429685913421
"MA",372.32,"put",367.5,4.6,362.9,0.31109,350.762925626246,60.6736466930994
"MA",372.32,"put",365,3.75,361.25,0.27841,349.433058298292,58.3992239172557
"MA",372.32,"put",375,7.95,367.05,0.40128,353.967671339929,48.9852844713161
"MA",372.32,"put",377.5,9.25,368.25,0.42968,354.872591650911,47.2544819436695
"MA",372.32,"put",362.5,3.1,359.4,0.24415,347.903916688857,46.3633740415561
"MA",372.32,"put",360,2.5,357.5,0.21085,346.23682496847,40.1965455398151
"MA",372.32,"put",357.5,2.04,355.46,0.18003,344.479172203972,30.4139628118903
"MA",372.32,"put",380,10.8,369.2,0.45239,355.567744225979,25.2908189609195
"MA",372.32,"put",355,1.67,353.33,0.15217,342.6608263082,20.7652060681137
"MA",372.32,"put",352.5,1.35,351.15,0.12628,340.686595786612,14.1796684066626
"MA",372.32,"put",350,1.1,348.9,0.10424,338.702514748427,7.76498626239214
"HD",298.95,"put",300,4.05,295.95,0.42464,286.302768481435,176.639239204346
"HD",298.95,"put",297.5,2.94,294.56,0.38076,285.271178349754,171.62461315475
"HD",298.95,"put",302.5,5.45,297.05,0.46123,287.112275820284,164.728002341053
"HD",298.95,"put",295,2.11,292.89,0.3289,283.937567343503,152.843410072178
"HD",298.95,"put",292.5,1.51,290.99,0.27569,282.387977771016,127.778340830854
"HD",298.95,"put",305,7.25,297.75,0.4858,287.632565298613,118.709977793404
"HD",298.95,"put",290,1.13,288.87,0.22197,280.556579832818,96.6155974509417
"HD",298.95,"put",287.5,0.81,286.69,0.17539,278.629266696663,74.5837914072332
"HD",298.95,"put",285,0.59,284.41,0.13525,276.564099607533,55.0955528081182
"HD",298.95,"put",307.5,9.35,298.15,0.49901,287.905705230345,42.7749033005595
"HD",298.95,"put",282.5,0.41,282.09,0.10261,274.41747637923,41.9347748727177
"HD",298.95,"put",280,0.31,279.69,0.07619,272.159735816313,28.7349728155121
"HD",298.95,"put",277.5,0.24,277.26,0.05511,269.720329228609,18.8737656211374
"HD",298.95,"put",272.5,0.15,272.35,0.02904,264.869313818917,7.15951266986612
"HD",298.95,"put",275,0.24,274.76,0.03941,267.184510780042,6.80084301585362
"HD",298.95,"put",267.5,0.11,267.39,0.0148,259.797365664687,0.399898816263084
"AVGO",632.32,"put",635,9.8,625.2,0.43237,603.344031328629,388.709117444065
"AVGO",632.32,"put",632.5,8.6,623.9,0.41342,602.371266718814,385.582091310786
"AVGO",632.32,"put",630,7.5,622.5,0.39369,601.327400396571,378.811573787407
"AVGO",632.32,"put",637.5,11.2,626.3,0.44846,604.148099502497,375.699329711032
"AVGO",632.32,"put",640,12.6,627.4,0.46401,604.909083767501,368.253604104176
"AVGO",632.32,"put",627.5,6.6,620.9,0.37175,600.125359547326,357.65225882817
"AVGO",632.32,"put",625,5.8,619.2,0.34859,598.800696766969,333.281511400242
"AVGO",632.32,"put",642.5,14.4,628.1,0.47399,605.389786425371,318.987013223836
"AVGO",632.32,"put",622.5,5.1,617.4,0.32467,597.363710763196,306.099902651316
"AVGO",632.32,"put",620,4.3,615.7,0.3034,596.017720650917,297.622355451182
"AVGO",632.32,"put",645,16.1,628.9,0.48522,605.924708126959,286.011312263696
"AVGO",632.32,"put",617.5,3.7,613.8,0.28013,594.46046598269,275.406466426898
"AVGO",632.32,"put",647.5,17.8,629.7,0.49708,606.482311321803,258.907268815812
"AVGO",632.32,"put",615,3.2,611.8,0.25663,592.779003486038,250.257433537811
"AVGO",632.32,"put",612.5,2.8,609.7,0.23367,591.011082924105,222.131525312432
"AVGO",632.32,"put",610,2.45,607.55,0.21166,589.179220433847,195.692620297196
"AVGO",632.32,"put",607.5,2.05,605.45,0.1917,587.375819820017,180.78053405027
"AVGO",632.32,"put",605,1.8,603.2,0.17202,585.438002762325,156.505476482493
"AVGO",632.32,"put",650,20.2,629.8,0.49867,606.556494053553,146.397311031466
"AVGO",632.32,"put",602.5,1.55,600.95,0.15408,583.500020391029,137.751685815032
"AVGO",632.32,"put",600,1.35,598.65,0.13709,581.479920704337,118.891767064239
"AVGO",632.32,"put",595,1.05,593.95,0.10697,577.289376543203,84.4505391173558
"AVGO",632.32,"put",590,0.8,589.2,0.08253,573.055926713915,59.8394368300583
"AVGO",632.32,"put",585,0.65,584.35,0.06227,568.558860711904,37.3789743469738
"AVGO",632.32,"put",655,24.2,630.8,0.51245,607.195039785286,29.765186203002
"AVGO",632.32,"put",580,0.5,579.5,0.04643,563.964369826828,24.453430894038
"AVGO",632.32,"put",575,0.4,574.6,0.03425,559.257750482567,13.9172045972082
"AVGO",632.32,"put",570,0.3,569.7,0.0255,554.801073872232,8.75726162580957
"AVGO",632.32,"put",565,0.25,564.75,0.01872,550.253943837174,2.60461713680962
"ORCL",96.47,"put",97,1.32,95.68,0.45522,91.7737143034119,105.910977480082
"ORCL",96.47,"put",96,0.87,95.13,0.40987,91.3718484999495,102.694045532569
"ORCL",96.47,"put",95,0.56,94.44,0.35419,90.83498178512,91.5207801528355
"ORCL",96.47,"put",98,2.01,95.99,0.48046,91.9869675583011,87.9021566938639
"ORCL",96.47,"put",94,0.34,93.66,0.29748,90.2211157101168,78.4142498554453
"ORCL",96.47,"put",99,2.77,96.23,0.50031,92.1506835459487,65.6781515126416
"ORCL",96.47,"put",93,0.22,92.78,0.23927,89.4907643445379,61.9654815282411
"ORCL",96.47,"put",92,0.15,91.85,0.18655,88.6892928670988,46.7612415642722
"ORCL",96.47,"put",91,0.11,90.89,0.14225,87.8485626248248,33.8291966618667
"ORCL",96.47,"put",90,0.08,89.92,0.10634,86.9781465868451,24.1343891954894
"ORCL",96.47,"put",89,0.06,88.94,0.07793,86.0774292404394,16.7755939292554
"ORCL",96.47,"put",88,0.07,87.93,0.05511,85.0895844971058,9.03929983644968
"ORCL",96.47,"put",87,0.04,86.96,0.03906,84.1114981852423,7.28248808844364
"ORCL",96.47,"put",100,3.85,96.15,0.49313,92.091879985707,4.97312226483169
"PEP",184.83,"put",185,2.2,182.8,0.36832,178.669517039379,13.1643484055842
"PEP",184.83,"put",182.5,1.3,181.2,0.26466,177.354997916331,6.1676251463777
"PEP",184.83,"put",187.5,3.55,183.95,0.45234,179.545366435494,4.81989465686425
"BAC",30.56,"put",30.5,0.48,30.02,0.39948,28.7132721269879,23.376205071088
"BAC",30.56,"put",30,0.28,29.72,0.33373,28.4848377669211,22.5655092045417
"BAC",30.56,"put",31,0.76,30.24,0.4509,28.8749353991079,19.8191628542249
"BAC",30.56,"put",29.5,0.17,29.33,0.25588,28.1667863945777,17.1142697355462
"BAC",30.56,"put",29,0.1,28.9,0.18511,27.8025978154983,12.1651118373118
"BAC",30.56,"put",31.5,1.13,30.37,0.48131,28.965227181392,9.00115053242035
"BAC",30.56,"put",28.5,0.06,28.44,0.12686,27.3992788819466,7.96374810362503
"BAC",30.56,"put",28,0.05,27.95,0.08183,26.9546190140694,3.55435260787041
"BAC",30.56,"put",27.5,0.04,27.46,0.05074,26.4848876907473,1.15067985714797
"BAC",30.56,"put",27,0.03,26.97,0.03138,26.0246866341727,0.0605333419662033
"PFE",40.55,"put",40.5,0.45,40.05,0.36699,39.0179292517917,9.3905143884946
"PFE",40.55,"put",40,0.27,39.73,0.28285,38.7575160202043,8.14365936852099
"PFE",40.55,"put",41,0.72,40.28,0.43395,39.1952712288937,6.31620502215718
"PFE",40.55,"put",39.5,0.16,39.34,0.19869,38.4253855907281,5.35151369782357
"PFE",40.55,"put",39,0.1,38.9,0.12774,38.0328411710563,2.35448688092667
"COST",496.9,"put",495,4.8,490.2,0.37427,475.579357171359,246.85639914756
"COST",496.9,"put",500,7.15,492.85,0.42845,477.59641461229,244.881615936452
"COST",496.9,"put",497.5,5.95,491.55,0.40168,476.623787885866,243.55568820054
"COST",496.9,"put",492.5,3.85,488.65,0.34369,474.346236285032,238.926705119728
"COST",496.9,"put",490,3.1,486.9,0.31093,472.931806028071,220.701355169187
"COST",496.9,"put",502.5,8.7,493.8,0.44795,478.281373235237,214.873385927542
"COST",496.9,"put",487.5,2.5,485,0.27887,471.437699406831,197.929376641695
"COST",496.9,"put",485,2.01,482.99,0.24654,469.788871262131,174.01516790343
"COST",496.9,"put",505,10.45,494.55,0.46442,478.844749045247,169.70216484066
"COST",496.9,"put",482.5,1.7,480.8,0.21398,467.944537566023,141.457785162237
"COST",496.9,"put",480,1.41,478.59,0.18411,466.033374439761,116.139543189566
"COST",496.9,"put",477.5,1.16,476.34,0.15719,464.070939465092,95.0914025482232
"COST",496.9,"put",475,0.89,474.11,0.13335,462.073605956496,83.3734645701212
"COST",496.9,"put",472.5,0.8,471.7,0.11073,459.855976607336,60.0072710269672
"COST",496.9,"put",470,0.63,469.37,0.09151,457.605664650269,50.4205627853891
"COST",496.9,"put",467.5,0.54,466.96,0.07536,455.336165783145,37.66665465822
"COST",496.9,"put",465,0.46,464.54,0.06205,453.099906268659,27.8400816029683
"COST",496.9,"put",507.5,13.1,494.4,0.46142,478.743121645316,16.8998810418253
"COST",496.9,"put",460,0.35,459.65,0.0412,448.4947450879,12.4016502378531
"COST",496.9,"put",455,0.27,454.73,0.02607,443.357822872379,3.35115577170746
"CSCO",50.31,"put",50.5,0.66,49.84,0.45152,47.9172359443355,50.6169626413634
"CSCO",50.31,"put",51,0.95,50.05,0.48773,48.0676543977927,48.0192920564549
"CSCO",50.31,"put",50,0.45,49.55,0.40343,47.705098787803,47.5831996036646
"CSCO",50.31,"put",49.5,0.31,49.19,0.34523,47.4240288342679,40.6687525545707
"CSCO",50.31,"put",51.5,1.32,50.18,0.51022,48.1579185572632,38.5196793713158
"CSCO",50.31,"put",49,0.21,48.79,0.28514,47.093432022753,33.3638793032212
"CSCO",50.31,"put",48.5,0.15,48.35,0.22765,46.7194450033281,25.5343344992362
"CSCO",50.31,"put",52,1.78,50.22,0.51699,48.1846582392544,19.2493536887877
"CSCO",50.31,"put",48,0.12,47.88,0.17619,46.3089756038054,17.7941588365524
"CSCO",50.31,"put",47.5,0.09,47.41,0.13463,45.8941885221603,12.6190399261561
"CSCO",50.31,"put",47,0.08,46.92,0.09925,45.4382791565826,7.50007937091795
"CSCO",50.31,"put",46.5,0.07,46.43,0.07203,44.9675935474575,4.0379236776639
"CSCO",50.31,"put",52.5,2.22,50.28,0.52677,48.2230134683893,3.29881952565734
"CSCO",50.31,"put",46,0.06,45.94,0.05142,44.4762603344393,1.8350693603131
"CSCO",50.31,"put",45.5,0.05,45.45,0.03652,43.9693881046166,0.589794641940312
"CRM",198.5,"put",197.5,2.76,194.74,0.38819,185.893297362962,174.560589667194
"CRM",198.5,"put",200,3.95,196.05,0.43344,186.886415747315,173.395195848387
"CRM",198.5,"put",195,1.89,193.11,0.3353,184.624585305546,158.887654705059
"CRM",198.5,"put",202.5,5.45,197.05,0.46838,187.607328851632,152.542931247253
"CRM",198.5,"put",192.5,1.27,191.23,0.27891,183.093788282379,135.348651016172
"CRM",198.5,"put",190,0.87,189.13,0.22321,181.321012046868,106.723690101864
"CRM",198.5,"put",205,7.4,197.6,0.48775,187.993394363323,89.497189928901
"CRM",198.5,"put",187.5,0.56,186.94,0.17422,179.422274739083,84.7301294956914
"CRM",198.5,"put",185,0.4,184.6,0.13216,177.3947800463,60.5105869080994
"CRM",198.5,"put",182.5,0.27,182.23,0.09792,175.268892769402,43.807002002013
"CRM",198.5,"put",180,0.22,179.78,0.07041,173.007515565101,27.2340829061243
"CRM",198.5,"put",207.5,9.45,198.05,0.5034,188.299147099459,21.5709350132129
"CRM",198.5,"put",177.5,0.14,177.36,0.04997,170.712902873037,19.9151243434346
"CRM",198.5,"put",175,0.11,174.89,0.03462,168.277164223977,12.2744574565927
"CRM",198.5,"put",172.5,0.1,172.4,0.02426,165.964369284496,5.85544011581367
"CRM",198.5,"put",170,0.06,169.94,0.01651,163.481692106884,4.76172633153433
"CRM",198.5,"put",167.5,0.05,167.45,0.01156,161.231217203226,2.24671291307031
"CRM",198.5,"put",165,0.04,164.96,0.00784,158.848064200202,0.823117667041763
"CRM",198.5,"put",162.5,0.03,162.47,0.00516,156.296144993572,0.201189183316613
"NKE",126.21,"put",126,1.67,124.33,0.37876,120.427905430089,44.0486539299561
"NKE",126.21,"put",127,2.15,124.85,0.41749,120.814094334004,43.2553756496624
"NKE",126.21,"put",125,1.28,123.72,0.33433,119.948911603727,40.8730383525877
"NKE",126.21,"put",124,0.98,123.02,0.28765,119.39265741406,34.5302094845622
"NKE",126.21,"put",128,2.76,125.24,0.44759,121.098809100641,32.890403464392
"NKE",126.21,"put",123,0.76,122.24,0.23978,118.744636663769,26.035102076151
"NKE",126.21,"put",122,0.58,121.42,0.19436,118.02052893473,19.3449996245828
"NKE",126.21,"put",129,3.45,125.55,0.47221,121.322736758331,17.5280475348315
"NKE",126.21,"put",121,0.43,120.57,0.15534,117.270686766296,14.9311517723631
"NKE",126.21,"put",120,0.32,119.68,0.12177,116.480432503134,10.8577734093427
"NKE",126.21,"put",119,0.25,118.75,0.09227,115.600070964352,6.37114521192266
"NKE",126.21,"put",118,0.19,117.81,0.06883,114.682492580196,3.83440357050918
"NKE",126.21,"put",117,0.15,116.85,0.05155,113.787619354671,1.55982222667036
"ACN",279.96,"put",280,3.6,276.4,0.3991,267.522578788437,137.973880553482
"ACN",279.96,"put",282.5,4.9,277.6,0.43859,268.375275202095,129.496304911298
"ACN",279.96,"put",277.5,2.6,274.9,0.34879,266.350061748573,128.898696271524
"ACN",279.96,"put",275,1.9,273.1,0.29403,264.924207203755,106.258535587994
"ACN",279.96,"put",285,6.5,278.5,0.4689,269.001246796701,100.181537702705
"ACN",279.96,"put",272.5,1.35,271.15,0.24051,263.317846895565,85.8399643147751
"ACN",279.96,"put",270,1,269,0.18979,261.503291777792,61.2590253492886
"ACN",279.96,"put",287.5,8.3,279.2,0.49373,269.496878532329,58.8681162233346
"ACN",279.96,"put",267.5,0.75,266.75,0.14572,259.569512304938,40.5630666924372
"ACN",279.96,"put",265,0.6,264.4,0.10783,257.442410049159,21.4934924399163
"ACN",279.96,"put",262.5,0.5,262,0.07803,255.21978146903,6.80754519716193
"ADBE",377.55,"put",380,7.2,372.8,0.44739,355.459229176677,377.92954586466
"ADBE",377.55,"put",377.5,6,371.5,0.42329,354.508390501206,373.211838474463
"ADBE",377.55,"put",382.5,8.6,373.9,0.46716,356.216362874244,367.866391966831
"ADBE",377.55,"put",375,4.95,370.05,0.39835,353.489453242227,361.872630095876
"ADBE",377.55,"put",372.5,4.1,368.4,0.3686,352.219114209913,337.553450222602
"ADBE",377.55,"put",385,10.25,374.75,0.48302,356.811005387202,336.584817787356
"ADBE",377.55,"put",370,3.3,366.7,0.33991,350.9239405253,318.414337604534
"ADBE",377.55,"put",387.5,12.1,375.4,0.49486,357.248076211992,287.04670057335
"ADBE",377.55,"put",367.5,2.76,364.74,0.30792,349.386693333521,281.744938874214
"ADBE",377.55,"put",365,2.22,362.78,0.2787,347.879257247308,255.155100517531
"ADBE",377.55,"put",362.5,1.83,360.67,0.24778,346.148901776194,222.147511789462
"ADBE",377.55,"put",390,14.25,375.75,0.50144,357.488550316953,205.254132906719
"ADBE",377.55,"put",360,1.49,358.51,0.21868,344.358953885994,193.038396421086
"ADBE",377.55,"put",357.5,1.25,356.25,0.19032,342.413367398626,162.128791669344
"ADBE",377.55,"put",392.5,16.2,376.3,0.51203,357.871804686399,153.067484642326
"ADBE",377.55,"put",355,0.99,354.01,0.16464,340.426481481777,140.938408884029
"ADBE",377.55,"put",352.5,0.87,351.63,0.14103,338.347261142795,112.596076103164
"ADBE",377.55,"put",395,18.15,376.85,0.52254,358.247781131564,105.45044475124
"ADBE",377.55,"put",350,0.73,349.27,0.12014,336.239831440905,92.3146650689694
"ADBE",377.55,"put",347.5,0.58,346.92,0.10148,334.054705707859,78.4428464766515
"ADBE",377.55,"put",345,0.49,344.51,0.08484,331.76955003837,63.2471374744716
"ADBE",377.55,"put",342.5,0.42,342.08,0.0718,329.66992382107,50.1199469647164
"ADBE",377.55,"put",340,0.36,339.64,0.06005,327.471915449764,39.2311477241643
"ADBE",377.55,"put",337.5,0.39,337.11,0.0494,325.116810923344,22.17295403868
"ADBE",377.55,"put",332.5,0.31,332.19,0.03314,320.365366909286,9.21417406262499
"ADBE",377.55,"put",335,0.41,334.59,0.04019,322.65360589553,8.62015790586513
"ADBE",377.55,"put",330,0.28,329.72,0.02704,317.977374307054,4.50917987372646
"ADBE",377.55,"put",320,0.12,319.88,0.01181,308.414949985184,1.6819440674974
"ADBE",377.55,"put",327.5,0.25,327.25,0.0225,315.850383447741,1.2116372425818
"WFC",41.87,"put",41.5,0.51,40.99,0.34089,39.4777392400442,17.9368470461335
"WFC",41.87,"put",42,0.74,41.26,0.3914,39.6903930763911,16.3980149900522
"WFC",41.87,"put",41,0.35,40.65,0.28269,39.2008453599782,15.8603025187766
"WFC",41.87,"put",40.5,0.23,40.27,0.22407,38.8702808060675,13.5171179784459
"WFC",41.87,"put",40,0.15,39.85,0.17058,38.4943081221474,10.6840920524089
"WFC",41.87,"put",42.5,1.05,41.45,0.42918,39.8369307414249,9.2936064395255
"WFC",41.87,"put",39.5,0.1,39.4,0.12499,38.0785061811041,7.76725124237999
"WFC",41.87,"put",39,0.07,38.93,0.08919,37.6386968870416,5.14146246447638
"WFC",41.87,"put",38.5,0.06,38.44,0.06164,37.1653720451498,2.22664671369662
"WFC",41.87,"put",43,1.39,41.61,0.46193,39.9569939831116,1.56557693812611
"WFC",41.87,"put",38,0.04,37.96,0.04198,36.6747031076269,1.56359635418223
"RTX",104.66,"put",104,1.24,102.76,0.31654,100.043521462629,1.23837162195552
"RTX",104.66,"put",105,1.67,103.33,0.37179,100.4899106977,0.680610170215502
"RTX",104.66,"put",103,0.9,102.1,0.25908,99.5126634313492,0.349915820605759
"MS",89.85,"put",84,0.42,83.58,0.14072,80.2565128054471,10.6783518017488
"MS",89.85,"put",86,0.82,85.18,0.21164,81.6548493849367,9.96076761719917
"MS",89.85,"put",87,1.11,85.89,0.25045,82.2568782652371,7.79148384713596
"MS",89.85,"put",83,0.33,82.67,0.10948,79.4351142553847,6.0283691320478
"MS",89.85,"put",85,0.64,84.36,0.1723,80.9402084576891,5.9502082740164
"MS",89.85,"put",88,1.47,86.53,0.28903,82.7851710732832,3.72420046889705
"MS",89.85,"put",81,0.18,80.82,0.06366,77.7270727953383,2.83545458487646
"MS",89.85,"put",80,0.13,79.87,0.0473,76.8160078003638,2.06028310427906
"MS",89.85,"put",82,0.27,81.73,0.08369,78.5797545522791,1.62403415197623
"MS",89.85,"put",79,0.1,78.9,0.035,75.9022143901485,0.842249634480396
"BMY",70.23,"put",70,0.87,69.13,0.36331,67.2067002912442,14.4833717188068
"BMY",70.23,"put",71,1.36,69.64,0.44002,67.5869195096525,14.1823677362699
"BMY",70.23,"put",69,0.54,68.46,0.27304,66.678476584079,9.38687534830678
"BMY",70.23,"put",68,0.33,67.67,0.18599,66.0210361304254,3.8067490102177
"AMD",89.78,"put",89,2.02,86.98,0.3726,81.6175963060074,73.0683616381632
"AMD",89.78,"put",88,1.62,86.38,0.34137,81.1541928477666,71.6953187557917
"AMD",89.78,"put",90,2.49,87.51,0.40174,82.0261152934972,71.3428441990423
"AMD",89.78,"put",87,1.28,85.72,0.30831,80.6291767014821,68.4188531166046
"AMD",89.78,"put",91,3.05,87.95,0.42649,82.3571575509983,63.6085876074743
"AMD",89.78,"put",86,1,85,0.27368,80.0303396028504,63.3776657491905
"AMD",89.78,"put",85,0.77,84.23,0.23958,79.3766935184712,57.7231766844673
"AMD",89.78,"put",92,3.65,88.35,0.44853,82.6416474963098,54.7501848480165
"AMD",89.78,"put",84,0.59,83.41,0.20684,78.6717637755671,51.2092380661695
"AMD",89.78,"put",83,0.45,82.55,0.17634,77.9253466857743,44.486436543056
"AMD",89.78,"put",93,4.3,88.7,0.46882,82.8963900516766,43.6774415972955
"AMD",89.78,"put",82,0.34,81.66,0.14885,77.1515089131042,38.1697898284441
"AMD",89.78,"put",81,0.25,80.75,0.12382,76.3311995553188,32.8090871060429
"AMD",89.78,"put",80,0.19,79.81,0.10202,75.4840139040863,27.0720901505119
"AMD",89.78,"put",94,5.05,88.95,0.48312,83.0720344999742,22.9518692372467
"AMD",89.78,"put",79,0.15,78.85,0.08313,74.6055192369534,21.5313185832062
"AMD",89.78,"put",78,0.11,77.89,0.06653,73.6627987421778,17.855399968291
"AMD",89.78,"put",77,0.09,76.91,0.05327,72.7280970021561,13.7564272695144
"AMD",89.78,"put",75,0.06,74.94,0.03357,70.8162960223115,8.04469425310037
"AMD",89.78,"put",76,0.11,75.89,0.04214,71.7523482741211,6.89960437285366
"AMD",89.78,"put",74,0.05,73.95,0.02649,69.8450631541107,6.00642770476063
"AMD",89.78,"put",73,0.04,72.96,0.02123,68.9481650643699,4.60204556834267
"AMD",89.78,"put",72,0.04,71.96,0.0166,67.9627621847765,2.70181477327107
"AMD",89.78,"put",71,0.03,70.97,0.01306,67.0044641980262,2.21816975737778
"AMD",89.78,"put",70,0.03,69.97,0.01036,66.0991901784225,1.04123897515432
"QCOM",118.36,"put",118,2.07,115.93,0.37937,110.931304170342,61.1651136897279
"QCOM",118.36,"put",117,1.66,115.34,0.34538,110.468125864874,59.5978688789903
"QCOM",118.36,"put",119,2.55,116.45,0.40877,111.309924303759,59.3472242352404
"QCOM",118.36,"put",116,1.31,114.69,0.31075,109.961270862284,56.6535079545244
"QCOM",118.36,"put",120,3.1,116.9,0.43509,111.634651915717,53.9679297990863
"QCOM",118.36,"put",115,1.03,113.97,0.27476,109.388484690273,51.1819946500519
"QCOM",118.36,"put",114,0.81,113.19,0.23714,108.721711331495,44.1693374849343
"QCOM",118.36,"put",121,3.75,117.25,0.45587,111.882707302668,40.6300221932883
"QCOM",118.36,"put",113,0.63,112.37,0.20205,108.015458808028,37.7126547837877
"QCOM",118.36,"put",112,0.49,111.51,0.16991,107.271867715287,31.3356956495588
"QCOM",118.36,"put",111,0.38,110.62,0.1413,106.501314985396,25.5664192563606
"QCOM",118.36,"put",122,4.45,117.55,0.47432,112.097151213177,24.7119236565724
"QCOM",118.36,"put",110,0.3,109.7,0.1155,105.683869925328,19.8513023624641
"QCOM",118.36,"put",109,0.23,108.77,0.09279,104.811025958882,15.8694901275362
"QCOM",118.36,"put",108,0.18,107.82,0.07424,103.93563910933,12.1738152523378
"QCOM",118.36,"put",107,0.14,106.86,0.05857,103.015312179434,9.33831656505636
"QCOM",118.36,"put",106,0.12,105.88,0.04583,102.076232948445,5.98262439727456
"QCOM",118.36,"put",123,5.2,117.8,0.48985,112.274003336516,5.41294656078304
"QCOM",118.36,"put",105,0.1,104.9,0.03607,101.171847047398,3.80814770003397
"QCOM",118.36,"put",104,0.08,103.92,0.02793,100.222697116867,2.550006952591
"QCOM",118.36,"put",103,0.07,102.93,0.02186,99.3281873804109,1.02658238642178
"QCOM",118.36,"put",102,0.06,101.94,0.01677,98.3754110199134,0.0784357196051557
"AMGN",246.09,"put",245,3.75,241.25,0.33572,233.796619535314,1.11988896044912
"LMT",501.41,"put",502.5,5.9,496.6,0.41176,482.132417143539,248.655591697641
"LMT",501.41,"put",500,4.8,495.2,0.38247,481.077294062196,243.736734003198
"LMT",501.41,"put",505,7.3,497.7,0.43583,482.961966125351,230.483630358844
"LMT",501.41,"put",497.5,4,493.5,0.348,479.761762376875,217.290669284749
"LMT",501.41,"put",495,3.1,491.9,0.31566,478.434624905183,212.902630242992
"LMT",501.41,"put",492.5,2.5,490,0.28111,476.895026217612,188.671417996702
"LMT",501.41,"put",490,2,488,0.24757,475.254849339377,165.045694905038
"LMT",501.41,"put",510,10.6,499.4,0.47385,484.213131574109,161.910760360823
"LMT",501.41,"put",487.5,1.55,485.95,0.21575,473.52584207971,146.492457130255
"LMT",501.41,"put",485,1.3,483.7,0.18498,471.642755111809,117.082315941761
"LMT",501.41,"put",482.5,1,481.5,0.15697,469.685930407103,101.142450399701
"LMT",501.41,"put",480,0.9,479.1,0.1309,467.562714204549,72.804071062451
"LMT",501.41,"put",477.5,0.75,476.75,0.10847,465.41855166251,56.0474701167531
"LMT",501.41,"put",475,0.55,474.45,0.08944,463.249898360366,50.0929090648871
"LMT",501.41,"put",515,14.6,500.4,0.49564,484.902893723091,31.7329755087159
"LMT",501.41,"put",472.5,0.55,471.95,0.0725,460.919662370673,28.9574478126232
"LMT",501.41,"put",470,0.5,469.5,0.05899,458.668346598186,16.845423417299
"LMT",501.41,"put",460,0.2,459.8,0.02491,449.594368047107,5.9204291946557
"LMT",501.41,"put",467.5,0.5,467,0.04746,456.331915118435,3.00373084790531
"LMT",501.41,"put",465,0.4,464.6,0.03802,453.981155465809,1.89364691899387
"LMT",501.41,"put",455,0.15,454.85,0.01558,444.840910375545,0.827861634900481
"COP",104.95,"put",104,1.44,102.56,0.32319,99.2160375003535,10.6128840260763
"COP",104.95,"put",105,1.88,103.12,0.36823,99.6594835799332,8.65383613611947
"COP",104.95,"put",103,1.1,101.9,0.27477,98.6845273066893,8.57624319409719
"COP",104.95,"put",102,0.83,101.17,0.22625,98.0724802230963,5.86013495244639
"COP",104.95,"put",106,2.4,103.6,0.40976,100.034368529489,4.44771513566161
"COP",104.95,"put",101,0.63,100.37,0.18027,97.3833250615978,2.19779911457721
"INTU",442.59,"put",442.5,7.9,434.6,0.39479,416.132615893408,250.95795714413
"INTU",442.59,"put",445,9.2,435.8,0.4142,417.026537523532,238.660815775309
"INTU",442.59,"put",440,6.9,433.1,0.37077,414.983901432093,237.52188660228
"INTU",442.59,"put",437.5,5.9,431.6,0.34717,413.804050707331,232.652271593586
"INTU",442.59,"put",447.5,10.6,436.9,0.43287,417.859705302649,223.039436564245
"INTU",442.59,"put",450,12,438,0.45093,418.644696035087,213.904721689801
"INTU",442.59,"put",435,5.2,429.8,0.32085,412.417218864385,204.568532736213
"INTU",442.59,"put",432.5,4.4,428.1,0.29641,411.054229743924,195.674076160342
"INTU",442.59,"put",430,3.8,426.2,0.26921,409.426929982257,173.847617947663
"INTU",442.59,"put",427.5,3.2,424.3,0.24549,407.897432627646,161.22342642393
"INTU",442.59,"put",452.5,13.9,438.6,0.46088,419.069023467098,150.766846448402
"INTU",442.59,"put",425,2.7,422.3,0.22074,406.170761425229,145.636612299486
"INTU",442.59,"put",422.5,2.3,420.2,0.19774,404.415114228902,127.610531237685
"INTU",442.59,"put",455,15.6,439.4,0.47401,419.621379414969,116.981994351052
"INTU",442.59,"put",420,1.95,418.05,0.17623,402.617900375121,111.324741689241
"INTU",442.59,"put",417.5,1.65,415.85,0.15529,400.682265720572,96.1625956252349
"INTU",442.59,"put",415,1.4,413.6,0.13664,398.763011365266,81.8622127050103
"INTU",442.59,"put",412.5,1.2,411.3,0.11858,396.678574602263,67.6104623663669
"INTU",442.59,"put",410,1,409,0.10272,394.595801378799,58.23192823698
"INTU",442.59,"put",405,0.75,404.25,0.07536,390.181211378236,36.6743910536117
"INTU",442.59,"put",460,19.5,440.5,0.49254,420.385995124853,1.14819612048905
"LOW",208.1,"put",205,1.81,203.19,0.3149,196.429875438177,88.8732224517931
"LOW",208.1,"put",207.5,2.85,204.65,0.37338,197.604604328401,84.4742835861541
"LOW",208.1,"put",202.5,1.13,201.37,0.25032,194.91669135385,76.8253820304272
"LOW",208.1,"put",210,4.25,205.75,0.41914,198.434553913635,59.7541072639181
"LOW",208.1,"put",200,0.74,199.26,0.18714,193.082958574577,55.4455132353742
"LOW",208.1,"put",197.5,0.45,197.05,0.13423,191.062476197878,41.4108819958855
"LOW",208.1,"put",195,0.3,194.7,0.09247,188.861967899323,26.7583828349587
"LOW",208.1,"put",192.5,0.22,192.28,0.06064,186.39047932968,15.0481333448189
"LOW",208.1,"put",190,0.21,189.79,0.0393,183.824504456046,3.26969748774006
"SBUX",107.91,"put",108,1.27,106.73,0.41325,102.974112649941,80.6947947412014
"SBUX",107.91,"put",109,1.79,107.21,0.45297,103.324656036259,78.0760555255619
"SBUX",107.91,"put",107,0.88,106.12,0.36594,102.528251280274,75.6391726496489
"SBUX",107.91,"put",106,0.6,105.4,0.31198,101.968193360985,65.7843035239763
"SBUX",107.91,"put",105,0.41,104.59,0.25603,101.305322107091,53.5948380921531
"SBUX",107.91,"put",110,2.56,107.44,0.47294,103.493654170812,51.7111196456122
"SBUX",107.91,"put",104,0.29,103.71,0.20239,100.54820201627,40.8609393927035
"SBUX",107.91,"put",103,0.2,102.8,0.15678,99.7573642830715,30.8380427700058
"SBUX",107.91,"put",111,3.35,107.65,0.49059,103.639305191962,26.1083265875456
"SBUX",107.91,"put",102,0.15,101.85,0.11749,98.8920373776195,21.5154528503488
"SBUX",107.91,"put",101,0.11,100.89,0.08725,98.0270750847764,14.9387698853255
"SBUX",107.91,"put",100,0.09,99.91,0.06308,97.1058380793571,9.25637339541524
"SBUX",107.91,"put",99,0.07,98.93,0.04523,96.1810139127382,5.75027407268521
"SBUX",107.91,"put",98,0.06,97.94,0.0321,95.2497436400409,2.82832291546883
"SBUX",107.91,"put",97,0.05,96.95,0.02214,94.2483331269108,1.0921904570195
"SBUX",107.91,"put",96,0.04,95.96,0.01554,93.3003647767448,0.195233136938647
"BP",40.65,"put",40.5,0.48,40.02,0.34498,39.0744174842463,1.17974562847199
"DE",396.69,"put",397.5,6.05,391.45,0.38898,379.543201701512,93.4835402145982
"DE",396.69,"put",395,4.95,390.05,0.35475,378.461161738348,91.7152873321033
"DE",396.69,"put",400,7.35,392.65,0.41959,380.455938906505,85.0492594219605
"DE",396.69,"put",392.5,4.05,388.45,0.3168,377.168336155848,80.707110582726
"DE",396.69,"put",390,3.3,386.7,0.27983,375.790135427402,67.6346403350196
"DE",396.69,"put",402.5,8.85,393.65,0.44659,381.223683451485,65.1790207401142
"DE",396.69,"put",387.5,2.68,384.82,0.24179,374.219826349991,53.101318683556
"DE",396.69,"put",385,2.14,382.86,0.20592,372.540445397585,42.5671483729328
"DE",396.69,"put",405,10.55,394.45,0.46719,381.788951542754,29.396972874061
"DE",396.69,"put",382.5,1.76,380.74,0.1713,370.668500286629,26.673590090046
"DE",396.69,"put",380,1.37,378.63,0.1411,368.725838827569,22.0784141429995
"DE",396.69,"put",377.5,1.11,376.39,0.11492,366.716464828029,12.9243861962931
"DE",396.69,"put",372.5,0.71,371.79,0.07337,362.455754855085,2.69462662824435
"DE",396.69,"put",375,0.94,374.06,0.09183,364.565642691695,1.81870316216464
"GS",333.91,"put",335,4.95,330.05,0.42153,317.504186618958,242.501021451081
"GS",333.91,"put",332.5,3.8,328.7,0.38904,316.512874697368,241.963122773612
"GS",333.91,"put",330,2.85,327.15,0.35286,315.341290064205,232.247238794456
"GS",333.91,"put",337.5,6.45,331.05,0.44687,318.243899545809,215.497360996452
"GS",333.91,"put",327.5,2.14,325.36,0.31207,313.913559844178,209.992037942737
"GS",333.91,"put",325,1.56,323.44,0.27138,312.339305491071,187.585927583303
"GS",333.91,"put",340,8.1,331.9,0.46889,318.865552382237,180.973114349302
"GS",333.91,"put",322.5,1.13,321.37,0.23202,310.627520170952,162.465276993562
"GS",333.91,"put",320,0.83,319.17,0.19386,308.722895161294,135.617954403157
"GS",333.91,"put",342.5,10,332.5,0.48359,319.270859161626,123.338021802948
"GS",333.91,"put",317.5,0.59,316.91,0.15935,306.700999327666,113.082075713646
"GS",333.91,"put",315,0.45,314.55,0.129,304.569194124554,89.5573957932589
"GS",333.91,"put",312.5,0.37,312.13,0.10304,302.349160701191,67.5942481349232
"GS",333.91,"put",310,0.28,309.72,0.08191,300.123693596526,52.8968257508515
"GS",333.91,"put",345,12.05,332.95,0.49457,319.569532091209,52.7146513650596
"GS",333.91,"put",307.5,0.24,307.26,0.06455,297.858954529365,38.2329485129485
"GS",333.91,"put",305,0.21,304.79,0.05003,295.472408074544,26.6665424030542
"GS",333.91,"put",302.5,0.18,302.32,0.03904,293.181224289318,18.3805003745035
"GS",333.91,"put",300,0.16,299.84,0.03028,290.874336136272,11.6325101793687
"GS",333.91,"put",297.5,0.13,297.37,0.0229,288.356814226476,7.93789542137102
"GS",333.91,"put",295,0.09,294.91,0.0174,285.863721740193,6.89712417206368
"GS",333.91,"put",292.5,0.09,292.41,0.01322,283.379734515384,3.05699097066246
"GS",333.91,"put",275,0.01,274.99,0.00194,266.368502159948,0.67451058097007
"MDT",81.65,"put",83,1.74,81.26,0.46109,79.0059868927088,10.1599503640891
"MDT",81.65,"put",80,0.48,79.52,0.23413,77.6208766632416,7.70241468352402
"MDT",81.65,"put",79,0.31,78.69,0.15794,76.8945408800623,2.25362134029567
"MDT",81.65,"put",78,0.18,77.82,0.09946,76.0760515502408,1.13559128130467
"GILD",83.78,"put",84,1.7,82.3,0.39419,78.7306314941325,37.7132371327912
"GILD",83.78,"put",83,1.28,81.72,0.34732,78.2874971925157,35.6746475095447
"GILD",83.78,"put",85,2.23,82.77,0.43276,79.0698201622846,33.6344626569723
"GILD",83.78,"put",82.5,1.11,81.39,0.32179,78.0282024719718,32.8979726544205
"GILD",83.78,"put",82,0.96,81.04,0.29643,77.7555242469793,29.818994746792
"GILD",83.78,"put",81,0.7,80.3,0.24537,77.1485477296057,24.5030843586657
"GILD",83.78,"put",86,2.89,83.11,0.46235,79.3175459144787,19.9632646440786
"GILD",83.78,"put",80,0.52,79.48,0.19618,76.4585129323518,17.4768932931217
"GILD",83.78,"put",79,0.39,78.61,0.15261,75.7169499964746,11.1026261038007
"GILD",83.78,"put",78,0.28,77.72,0.1149,74.9102982328496,7.50067330455762
"BLK",694.03,"put",695,10.3,684.7,0.40971,658.319363913271,472.842341109356
"BLK",694.03,"put",690,8.1,681.9,0.37673,656.135402435013,465.780984065742
"BLK",694.03,"put",700,12.9,687.1,0.43788,660.093252651172,457.436652910473
"BLK",694.03,"put",687.5,7.3,680.2,0.35884,654.892726629601,440.07939762338
"BLK",694.03,"put",705,15.8,689.2,0.46326,661.631040867762,429.11040076006
"BLK",694.03,"put",682.5,5.8,676.7,0.32094,652.108461757439,395.386028356759
"BLK",694.03,"put",685,6.8,678.2,0.33697,653.315452837014,387.674185751149
"BLK",694.03,"put",680,5.1,674.9,0.30222,650.64066411407,377.297849144584
"BLK",694.03,"put",677.5,4.6,672.9,0.28279,649.04113323471,344.788293255631
"BLK",694.03,"put",675,4.1,670.9,0.26295,647.317558296626,317.909804590232
"BLK",694.03,"put",672.5,3.6,668.9,0.2447,645.634109858353,297.4083317661
"BLK",694.03,"put",670,3.3,666.7,0.22536,643.730423415604,262.011177905953
"BLK",694.03,"put",710,20,690,0.47266,662.187378088534,259.911387267334
"BLK",694.03,"put",667.5,2.85,664.65,0.20779,641.877034222401,247.41960589272
"BLK",694.03,"put",665,2.5,662.5,0.19122,639.993743064267,228.169645125094
"BLK",694.03,"put",662.5,2.2,660.3,0.1755,638.076886332236,208.625644869259
"BLK",694.03,"put",660,2,658,0.15992,636.023125556103,183.438176106803
"BLK",694.03,"put",655,1.6,653.4,0.13258,631.946526259303,145.642954854162
"BLK",694.03,"put",715,24.1,690.9,0.48382,662.83954442777,113.627161495622
"BLK",694.03,"put",650,1.3,648.7,0.10827,627.637351901091,112.120390966892
"BLK",694.03,"put",645,1.05,643.95,0.0877,623.232281752236,85.9028890328896
"BLK",694.03,"put",640,0.95,639.05,0.07001,618.598903464861,54.8290768425058
"BKNG",2696.68,"put",2690,33.3,2656.7,0.45818,2492.8352018846,5703.69672005161
"BKNG",2696.68,"put",2700,39,2661,0.4668,2495.90286973983,5627.25404054472
"BKNG",2696.68,"put",2710,44.4,2665.6,0.47599,2499.13531356268,5596.94820973012
"BKNG",2696.68,"put",2720,50.2,2669.8,0.48444,2502.07683428249,5537.06984001906
"BKNG",2696.68,"put",2730,56.6,2673.4,0.49125,2504.42804169614,5421.2224516773
"BKNG",2696.68,"put",2680,31.4,2648.6,0.44188,2486.93910314624,5390.97491017412
"BKNG",2696.68,"put",2740,63.2,2676.8,0.49848,2506.9040040762,5299.36920480969
"BKNG",2696.68,"put",2675,30.1,2644.9,0.43447,2484.21305007183,5279.12061352899
"BKNG",2696.68,"put",2670,28,2642,0.42892,2482.15199350439,5257.17669460958
"BKNG",2696.68,"put",2750,70.6,2679.4,0.50352,2508.61754858005,5094.08919389721
"BKNG",2696.68,"put",2665,27.3,2637.7,0.42064,2479.0485451355,5091.86199742026
"BKNG",2696.68,"put",2660,25.5,2634.5,0.41416,2476.59108174999,5046.0637582425
"BKNG",2696.68,"put",2655,23.7,2631.3,0.40811,2474.27373387589,5005.61964679123
"BKNG",2696.68,"put",2650,22.1,2627.9,0.4016,2471.75661451849,4948.25436093727
"BKNG",2696.68,"put",2760,77.9,2682.1,0.50879,2510.40031991446,4909.38212307215
"BKNG",2696.68,"put",2645,20.7,2624.3,0.39451,2468.98385830943,4874.01280583451
"BKNG",2696.68,"put",2640,19.8,2620.2,0.38689,2465.96364859279,4753.29239959348
"BKNG",2696.68,"put",2770,85.2,2684.8,0.51448,2512.31368239152,4737.44566832107
"BKNG",2696.68,"put",2635,18.3,2616.7,0.37992,2463.1668626489,4698.28455424289
"BKNG",2696.68,"put",2780,91.7,2688.3,0.52169,2514.72140324761,4669.31911397558
"BKNG",2696.68,"put",2625,15.1,2609.9,0.36706,2457.90738005846,4623.30170757406
"BKNG",2696.68,"put",2630,17.2,2612.8,0.3727,2460.22921885751,4607.35701318071
"BKNG",2696.68,"put",2620,14.2,2605.8,0.35997,2454.95452385448,4521.14200481038
"BKNG",2696.68,"put",2617.5,14.4,2603.1,0.35533,2453.00169887607,4405.11813383654
"BKNG",2696.68,"put",2615,14.1,2600.9,0.35132,2451.30087767935,4341.07756536894
"BKNG",2696.68,"put",2612.5,13.3,2599.2,0.34819,2449.96390178686,4329.34440368331
"BKNG",2696.68,"put",2622.5,17.1,2605.4,0.35921,2454.63583203787,4319.84877736771
"BKNG",2696.68,"put",2610,12.8,2597.2,0.34416,2448.22809080382,4287.54202689582
"BKNG",2696.68,"put",2607.5,12.5,2595,0.34021,2446.51126744336,4226.9976703093
"BKNG",2696.68,"put",2605,12.1,2592.9,0.33672,2444.98378557183,4178.06597222543
"BKNG",2696.68,"put",2800,107.9,2692.1,0.52913,2517.18960851512,4174.3462446394
"BKNG",2696.68,"put",2790,101.9,2688.1,0.52131,2514.59495917117,4167.14018344752
"BKNG",2696.68,"put",2600,11.2,2588.8,0.32953,2441.80085433576,4093.13644707374
"BKNG",2696.68,"put",2597.5,11.3,2586.2,0.32461,2439.59278000712,3995.82626818878
"BKNG",2696.68,"put",2595,11.1,2583.9,0.32043,2437.69530463794,3930.51435348656
"BKNG",2696.68,"put",2590,9.9,2580.1,0.31369,2434.59539484072,3884.88705924131
"BKNG",2696.68,"put",2602.5,14.2,2588.3,0.32855,2441.36308955177,3874.15319277647
"BKNG",2696.68,"put",2587.5,10.7,2576.8,0.30802,2431.94642269213,3721.3612882371
"BKNG",2696.68,"put",2582.5,9.4,2573.1,0.30175,2428.97530660864,3692.60762308434
"BKNG",2696.68,"put",2585,10.5,2574.5,0.30418,2430.13188896389,3660.77820149636
"BKNG",2696.68,"put",2580,9.1,2570.9,0.29829,2427.31625500111,3644.40342957203
"BKNG",2696.68,"put",2577.5,9,2568.5,0.29416,2425.31659399643,3576.627071001
"BKNG",2696.68,"put",2575,8.5,2566.5,0.29058,2423.56458335863,3550.41033676484
"BKNG",2696.68,"put",2572.5,8,2564.5,0.2873,2421.94362740255,3525.4845847246
"BKNG",2696.68,"put",2570,7.6,2562.4,0.28363,2420.11242465288,3491.26129957024
"BKNG",2696.68,"put",2567.5,8,2559.5,0.27923,2417.89319282585,3377.47087672391
"BKNG",2696.68,"put",2562.5,7,2555.5,0.27284,2414.62509831707,3334.618817517
"BKNG",2696.68,"put",2810,121,2689,0.523,2515.15705509656,3320.28601844973
"BKNG",2696.68,"put",2565,8.1,2556.9,0.27516,2415.81872313431,3294.87201423622
"BKNG",2696.68,"put",2560,7,2553,0.2688,2412.52643687801,3264.08937671901
"BKNG",2696.68,"put",2555,6.5,2548.5,0.26182,2408.84207510056,3176.70678971723
"BKNG",2696.68,"put",2550,6.7,2543.3,0.25358,2404.38658830374,3022.4648937938
"BKNG",2696.68,"put",2820,130.1,2689.9,0.52459,2515.6853440878,2954.04253449813
"BKNG",2696.68,"put",2545,6.9,2538.1,0.24516,2399.70591905873,2872.02968835616
"BKNG",2696.68,"put",2540,5.7,2534.3,0.23917,2396.28734674108,2867.17552799356
"BKNG",2696.68,"put",2535,5.2,2529.8,0.23262,2392.46468582121,2795.6564784269
"BKNG",2696.68,"put",2530,4.3,2525.7,0.22687,2389.03764863175,2768.01286549147
"BKNG",2696.68,"put",2830,138.5,2691.5,0.52788,2516.77613123798,2684.46158420926
"BKNG",2696.68,"put",2525,5,2520,0.21892,2384.17609830179,2582.9168559773
"BKNG",2696.68,"put",2515,4.2,2510.8,0.20638,2376.20668060609,2444.41652565148
"BKNG",2696.68,"put",2520,6,2514,0.21072,2379.01161641761,2370.90721884819
"BKNG",2696.68,"put",2510,4.4,2505.6,0.19972,2371.80594601059,2320.01164627659
"BKNG",2696.68,"put",2505,4.4,2500.6,0.19356,2367.62582125747,2219.01460374046
"BKNG",2696.68,"put",2500,4.2,2495.8,0.18766,2363.5188475542,2141.20530679791
"BKNG",2696.68,"put",2840,149.5,2690.5,0.52587,2516.11012256605,2082.39698461917
"BKNG",2696.68,"put",2495,3.9,2491.1,0.18198,2359.46298693761,2076.50256370932
"BKNG",2696.68,"put",2485,3.6,2481.4,0.17055,2350.96050598827,1926.04357037004
"BKNG",2696.68,"put",2490,4.9,2485.1,0.17479,2354.1694315304,1884.18250628009
"BKNG",2696.68,"put",2480,4.8,2475.2,0.16421,2346.04418608191,1719.68842034889
"BKNG",2696.68,"put",2850,159.2,2690.8,0.5265,2516.31897002876,1648.30622798591
"BKNG",2696.68,"put",2475,4.9,2470.1,0.15862,2341.58058447749,1626.29876901798
"BKNG",2696.68,"put",2470,4.6,2465.4,0.15344,2337.32258655968,1575.80223182821
"BKNG",2696.68,"put",2465,4.8,2460.2,0.14806,2332.76251379402,1477.9082207657
"BKNG",2696.68,"put",2460,4.6,2455.4,0.14312,2328.44562691371,1422.80618761096
"BKNG",2696.68,"put",2455,4.6,2450.4,0.13822,2324.03322956951,1350.22270089017
"BKNG",2696.68,"put",2450,4.5,2445.5,0.13361,2319.75577571382,1290.19308068765
"BKNG",2696.68,"put",2445,4.5,2440.5,0.12879,2315.1410550597,1222.45335188614
"BKNG",2696.68,"put",2860,168.9,2691.1,0.52699,2516.48133929518,1213.08990048342
"BKNG",2696.68,"put",2440,4.4,2435.6,0.12423,2310.62438228345,1167.23329889271
"BKNG",2696.68,"put",2435,4.3,2430.7,0.11979,2306.08648584583,1114.25498605284
"BKNG",2696.68,"put",2430,4.3,2425.7,0.11508,2301.09233297473,1053.46943212679
"BKNG",2696.68,"put",2425,4.2,2420.8,0.11117,2296.79501699529,1005.25479606333
"BKNG",2696.68,"put",2420,4.2,2415.8,0.10702,2292.08737157795,948.920949372751
"BKNG",2696.68,"put",2415,4.1,2410.9,0.10325,2287.65601137915,904.826682510293
"BKNG",2696.68,"put",2410,4.1,2405.9,0.09939,2282.96975530665,852.553602007216
"BKNG",2696.68,"put",2375,1,2374,0.07847,2254.30433108961,847.098913939798
"BKNG",2696.68,"put",2400,3.5,2396.5,0.09272,2274.45955349084,814.011020032958
"BKNG",2696.68,"put",2405,4,2401,0.09588,2278.5584676659,812.321412019368
"BKNG",2696.68,"put",2870,178.9,2691.1,0.52699,2516.48133929518,740.079900483423
"BKNG",2696.68,"put",2395,3.9,2391.1,0.08922,2269.77890627863,727.222598182066
"BKNG",2696.68,"put",2350,0.7,2349.3,0.06477,2231.48794078685,697.602607523589
"BKNG",2696.68,"put",2390,3.9,2386.1,0.08598,2265.29863698479,682.182319204815
"BKNG",2696.68,"put",2385,3.9,2381.1,0.08276,2260.6968571858,638.732809930322
"BKNG",2696.68,"put",2380,3.8,2376.2,0.07977,2256.27504361075,606.953977117055
"BKNG",2696.68,"put",2370,3.8,2366.2,0.07371,2246.82129121163,527.950262479075
"BKNG",2696.68,"put",2365,3.8,2361.2,0.07088,2242.15476817747,490.727003158112
"BKNG",2696.68,"put",2360,3.7,2356.3,0.06828,2237.71520745137,464.960563522029
"BKNG",2696.68,"put",2355,3.7,2351.3,0.0658,2233.34685562547,430.477689984415
"BKNG",2696.68,"put",2300,0.8,2299.2,0.04311,2184.2961902605,418.799123786968
"BKNG",2696.68,"put",2345,3.7,2341.3,0.06064,2223.73989121885,365.32129964891
"BKNG",2696.68,"put",2340,3.6,2336.4,0.05849,2219.50815345158,344.756810461715
"BKNG",2696.68,"put",2335,3.6,2331.4,0.05625,2214.95030427727,315.279538440344
"BKNG",2696.68,"put",2330,3.6,2326.4,0.05413,2210.4821520792,286.950110795302
"BKNG",2696.68,"put",2880,188.9,2691.1,0.52699,2516.48133929518,267.069900483422
"BKNG",2696.68,"put",2325,3.6,2321.4,0.05201,2205.85164684593,259.690584754334
"BKNG",2696.68,"put",2250,0.7,2249.3,0.02833,2136.74377886557,250.854874473829
"BKNG",2696.68,"put",2320,3.6,2316.4,0.04995,2201.18637554531,233.474054151181
"BKNG",2696.68,"put",2305,3,2302,0.04425,2187.29295912093,220.853655889903
"BKNG",2696.68,"put",2315,3.5,2311.5,0.04811,2196.87668535568,218.291266753804
"BKNG",2696.68,"put",2310,3.5,2306.5,0.04613,2192.06805858068,194.020045767305
"BKNG",2696.68,"put",2210,0.5,2209.5,0.02011,2098.57161564434,174.08248093923
"BKNG",2696.68,"put",2200,0.6,2199.4,0.01843,2088.93441744801,144.693868643313
"BKNG",2696.68,"put",2290,3.5,2286.5,0.03886,2172.42251691864,106.906099254166
"BKNG",2696.68,"put",2280,3.4,2276.6,0.03597,2163.65375520693,78.497442520688
"BKNG",2696.68,"put",2270,3.4,2266.6,0.03286,2153.46725821599,42.926589502258
"BKNG",2696.68,"put",2100,0.6,2099.4,0.00763,1994.73196601469,20.3195099307889
"BKNG",2696.68,"put",2260,3.4,2256.6,0.0302,2143.9311301542,10.527986934314
"BKNG",2696.68,"put",1900,0.05,1899.95,0.00117,1803.91337991211,6.242134550283
"BKNG",2696.68,"put",1890,0.05,1889.95,0.00106,1794.50276698963,5.1227066990987
"BKNG",2696.68,"put",1880,0.05,1879.95,0.00096,1785.01355911828,4.11869832464516
"BKNG",2696.68,"put",1870,0.05,1869.95,0.00085,1773.40174742948,3.21085146849423
"BKNG",2696.68,"put",1860,0.05,1859.95,0.00077,1763.86739836348,2.40221032601187
"BKNG",2696.68,"put",1850,0.05,1849.95,0.00072,1757.55108626486,1.65632178892978
"BKNG",2696.68,"put",1840,0.05,1839.95,0.00065,1748.03924104181,0.977449332282433
"BKNG",2696.68,"put",1830,0.05,1829.95,0.00063,1745.18209329127,0.343528122649882
