"symbol","CP","type","strike","ask","EP Buy","Llhd Abv EP","EV Abv EP","EV"
"AAPL",166.47,"call",170,0.87,170.87,0.27253,176.726003344592,96.3037691501755
"AAPL",166.47,"call",172.5,0.35,172.85,0.2012,178.464406139585,85.0038515284418
"AAPL",166.47,"call",167.5,1.85,169.35,0.33588,175.47544215731,82.8791511797292
"AAPL",166.47,"call",175,0.14,175.14,0.13983,180.446811228244,62.1627614045379
"AAPL",166.47,"call",177.5,0.07,177.57,0.09094,182.689145923171,40.1900930253199
"AAPL",166.47,"call",165,3.3,168.3,0.38268,174.661484321156,39.7256820019792
"AAPL",166.47,"call",180,0.04,180.04,0.0575,185.012121649846,24.8196994866156
"AAPL",166.47,"call",182.5,0.03,182.53,0.03526,187.423509278901,14.360293717405
"AAPL",166.47,"call",185,0.02,185.02,0.02092,190.017019139951,8.4956040407772
"AAPL",166.47,"call",187.5,0.02,187.52,0.0123,192.695005055878,4.38985621873001
"AAPL",166.47,"call",190,0.02,190.02,0.00765,195.106440990969,1.90642735809106
"AAPL",166.47,"call",195,0.01,195.01,0.00281,200.148558288318,0.446744879017282
"AAPL",166.47,"call",192.5,0.02,192.52,0.00481,197.42924724541,0.370967925042065
"NVDA",276.67,"call",290,2.54,292.54,0.21786,307.406243804956,125.21242753477
"NVDA",276.67,"call",287.5,3.2,290.7,0.24174,305.847514811786,123.532823060125
"NVDA",276.67,"call",285,3.95,288.95,0.26628,304.371019916161,120.811518327528
"NVDA",276.67,"call",292.5,2.05,294.55,0.19386,309.125702390781,117.305866547684
"NVDA",276.67,"call",282.5,4.85,287.35,0.29026,303.029862547399,110.899790300813
"NVDA",276.67,"call",295,1.63,296.63,0.17149,310.890765601477,109.510739299734
"NVDA",276.67,"call",297.5,1.27,298.77,0.14967,312.81912180145,102.281296002297
"NVDA",276.67,"call",280,5.85,285.85,0.31406,301.784502485829,99.1640850699517
"NVDA",276.67,"call",300,1.01,301.01,0.12937,314.858076162441,91.218931313501
"NVDA",276.67,"call",302.5,0.81,303.31,0.11106,316.959115211537,79.5829335393266
"NVDA",276.67,"call",277.5,7.05,284.55,0.33518,300.738364401808,73.9034980198057
"NVDA",276.67,"call",305,0.63,305.63,0.09539,319.016930173037,70.7074969205961
"NVDA",276.67,"call",307.5,0.5,308,0.08095,321.200577566266,60.9061753989262
"NVDA",276.67,"call",310,0.4,310.4,0.06833,323.419140930434,51.6929899776545
"NVDA",276.67,"call",275,8.4,283.4,0.35499,299.802878494543,40.4773836777758
"NVDA",276.67,"call",315,0.26,315.26,0.04826,327.843068574945,35.9806489426829
"NVDA",276.67,"call",320,0.18,320.18,0.03278,332.697975122357,23.6239624510852
"NVDA",276.67,"call",325,0.13,325.13,0.02248,337.376126883799,14.8215332347792
"NVDA",276.67,"call",330,0.1,330.1,0.01504,342.291828075793,8.48690942599281
"NVDA",276.67,"call",335,0.08,335.08,0.01037,346.762550638213,4.19776501182645
"NVDA",276.67,"call",272.5,9.85,282.35,0.37255,299.004746260844,2.43432194772618
"NVDA",276.67,"call",340,0.07,340.07,0.00669,351.888413675213,0.953348748717744
"NVDA",276.67,"call",345,0.05,345.05,0.00444,356.722405587015,0.204748080634599
"JNJ",161.01,"call",165,0.33,165.33,0.14376,167.869699530738,8.25480045389505
"JNJ",161.01,"call",167.5,0.13,167.63,0.06065,169.975384177301,2.0132050353308
"JNJ",161.01,"call",170,0.05,170.05,0.02196,172.282483181247,0.0123330660185115
"UNH",504.48,"call",512.5,3.15,515.65,0.27802,530.963009426647,198.308588079652
"UNH",504.48,"call",515,2.46,517.46,0.25143,532.488870193627,193.72266327837
"UNH",504.48,"call",510,4.05,514.05,0.30323,529.622097573479,190.000864720607
"UNH",504.48,"call",517.5,1.89,519.39,0.22457,534.174532115293,185.459967713145
"UNH",504.48,"call",520,1.38,521.38,0.19979,535.886602588954,179.398433124715
"UNH",504.48,"call",507.5,5.15,512.65,0.32512,528.526432936948,168.611387646065
"UNH",504.48,"call",522.5,1.04,523.54,0.17479,537.809124096055,163.588180074952
"UNH",504.48,"call",525,0.78,525.78,0.15201,539.783285498256,146.720722858991
"UNH",504.48,"call",505,6.45,511.45,0.34548,527.554551529683,134.214646247487
"UNH",504.48,"call",527.5,0.6,528.1,0.13075,541.877315086663,127.983394758121
"UNH",504.48,"call",530,0.43,530.43,0.11169,544.034178728577,113.747742219476
"UNH",504.48,"call",532.5,0.38,532.88,0.09357,546.439168590033,92.4288004969354
"UNH",504.48,"call",502.5,7.9,510.4,0.36335,526.736344489621,90.6275770303768
"UNH",504.48,"call",535,0.27,535.27,0.07925,548.672980397437,81.3583696496879
"UNH",504.48,"call",540,0.16,540.16,0.05557,553.368181622285,58.2869852750388
"UNH",504.48,"call",545,0.1,545.1,0.0388,558.067275140864,40.7010275465506
"UNH",504.48,"call",500,9.55,509.55,0.37781,526.094798278003,30.8875737412246
"UNH",504.48,"call",550,0.13,550.13,0.02687,562.777631519534,21.3334958929891
"UNH",504.48,"call",555,0.14,555.14,0.01798,567.921330732999,9.23255265793214
"UNH",504.48,"call",560,0.11,560.11,0.01198,573.191555155679,4.80348307650357
"JPM",141.4,"call",143,1,144,0.31816,148.752204096767,83.0121255427543
"JPM",141.4,"call",144,0.68,144.68,0.2828,149.304553609761,82.0127760840299
"JPM",141.4,"call",142,1.43,143.43,0.35002,148.293509827515,77.2854309826724
"JPM",141.4,"call",145,0.46,145.46,0.2452,149.9556252936,75.5119321990631
"JPM",141.4,"call",146,0.31,146.31,0.2076,150.693852921036,66.4443866407088
"JPM",141.4,"call",141,1.97,142.97,0.37695,147.929537733919,64.208924880079
"JPM",141.4,"call",147,0.21,147.21,0.17265,151.491445709493,56.5448101743987
"JPM",141.4,"call",148,0.15,148.15,0.14082,152.355427713129,46.333133056278
"JPM",141.4,"call",140,2.61,142.61,0.39796,147.65802996646,43.7589605452237
"JPM",141.4,"call",149,0.11,149.11,0.11386,153.239836064903,37.2747734349841
"JPM",141.4,"call",150,0.08,150.08,0.09247,154.085292387966,29.7766987115227
"JPM",141.4,"call",152.5,0.05,152.55,0.05093,156.429673981986,15.0138295902535
"JPM",141.4,"call",139,3.4,142.4,0.41072,147.49791215343,9.02624796569009
"JPM",141.4,"call",155,0.04,155.04,0.02737,158.812235568675,6.43408875146353
"JPM",141.4,"call",157.5,0.03,157.53,0.01441,161.173915713666,2.29411254339335
"WMT",149.85,"call",152.5,0.41,152.91,0.23874,156.126561955907,45.5805401353331
"WMT",149.85,"call",150,1.38,151.38,0.3474,154.871649600619,31.2411071255004
"WMT",149.85,"call",155,0.11,155.11,0.1258,158.101654295759,28.018811040644
"WMT",149.85,"call",157.5,0.04,157.54,0.05714,160.411049044231,12.6337342387365
"WMT",149.85,"call",149,2.02,151.02,0.37594,154.592866586518,8.25822645355657
"WMT",149.85,"call",160,0.02,160.02,0.02433,162.85238365263,4.93984942684916
"MA",372.32,"call",392.5,0.96,393.46,0.10496,403.814582249398,22.7578552896811
"MA",372.32,"call",390,1.28,391.28,0.1268,401.832925623499,22.0414969059618
"MA",372.32,"call",395,0.72,395.72,0.08591,405.868741341504,21.3733568648638
"MA",372.32,"call",397.5,0.54,398.04,0.06958,407.986858653095,18.967562508233
"MA",372.32,"call",387.5,1.7,389.2,0.1505,400.004122956316,18.1870504925617
"MA",372.32,"call",400,0.4,400.4,0.05569,410.189567912734,16.7457037060162
"MA",372.32,"call",385,2.23,387.23,0.17688,398.244633516833,11.2710776457422
"MA",372.32,"call",405,0.23,405.23,0.03473,414.728485244084,10.7870292527032
"MA",372.32,"call",410,0.17,410.17,0.02082,419.519375275334,2.81933932324615
"MA",372.32,"call",415,0.1,415.1,0.01264,424.111671873363,1.51715324793131
"HD",298.95,"call",305,1.47,306.47,0.24506,314.433885352564,84.1867944499419
"HD",298.95,"call",302.5,2.3,304.8,0.29023,313.060871604824,76.5081765867987
"HD",298.95,"call",307.5,0.95,308.45,0.1971,316.134336014233,75.1827628405266
"HD",298.95,"call",310,0.58,310.58,0.15424,317.981270704886,65.1031193521619
"HD",298.95,"call",312.5,0.32,312.82,0.11723,319.971681425731,55.5905213538471
"HD",298.95,"call",300,3.45,303.45,0.329,312.006469219161,50.0128373104093
"HD",298.95,"call",315,0.24,315.24,0.08521,322.227538425713,37.5858549255021
"HD",298.95,"call",317.5,0.18,317.68,0.06154,324.472515609508,24.9088610609128
"HD",298.95,"call",320,0.07,320.07,0.04387,326.752502227359,22.6232272714252
"HD",298.95,"call",325,0.04,325.04,0.02139,331.485118987874,9.87166951506161
"HD",298.95,"call",322.5,0.14,322.64,0.02995,329.290858023921,6.338619781644
"HD",298.95,"call",327.5,0.04,327.54,0.01498,333.736150628977,5.34175364220735
"HD",298.95,"call",297.5,4.9,302.4,0.3613,311.194329636757,4.77612977603047
"HD",298.95,"call",332.5,0.03,332.53,0.00681,338.610038564772,1.16093626260998
"KO",63.56,"call",66,0.06,66.06,0.0869,67.1399998272531,3.90659849882987
"KO",63.56,"call",65,0.2,65.2,0.17657,66.3525633470885,3.88221101954174
"AVGO",632.32,"call",650,2.75,652.75,0.20816,671.17834803395,165.848492674715
"AVGO",632.32,"call",655,1.75,656.75,0.17146,674.704961479269,162.861269523541
"AVGO",632.32,"call",647.5,3.4,650.9,0.22696,669.573763172965,160.986128973615
"AVGO",632.32,"call",645,4.1,649.1,0.24632,668.035983337442,157.422341567868
"AVGO",632.32,"call",660,1.05,661.05,0.138,678.55468932579,151.054712695896
"AVGO",632.32,"call",642.5,4.9,647.4,0.26473,666.658818806808,149.556410272627
"AVGO",632.32,"call",640,5.9,645.9,0.28228,665.414931584479,127.412688766678
"AVGO",632.32,"call",665,0.7,665.7,0.10812,682.757065863641,121.989396117686
"AVGO",632.32,"call",637.5,6.9,644.4,0.30058,664.18049509874,111.962321677928
"AVGO",632.32,"call",670,0.45,670.45,0.08308,687.210340119273,97.9835057109185
"AVGO",632.32,"call",675,0.35,675.35,0.06258,691.939098418453,71.004877902676
"AVGO",632.32,"call",635,8.2,643.2,0.31566,663.205531489223,70.335806988808
"AVGO",632.32,"call",680,0.2,680.2,0.04688,696.726256543685,58.4126906767955
"AVGO",632.32,"call",685,0.15,685.15,0.03489,701.585103311218,42.8654254528386
"AVGO",632.32,"call",632.5,9.5,642,0.33095,662.25344846819,34.6903770547656
"AVGO",632.32,"call",690,0.15,690.15,0.02598,706.381747471767,27.5597799316512
"AVGO",632.32,"call",695,0.15,695.15,0.01909,711.348624781026,16.2095247069787
"AVGO",632.32,"call",700,0.15,700.15,0.01412,716.216761741689,7.89806757926435
"AVGO",632.32,"call",705,0.15,705.15,0.01059,720.769896573075,1.70032047088596
"ORCL",96.47,"call",98,0.57,98.57,0.31308,102.112150304414,71.7432017305949
"ORCL",96.47,"call",97,0.99,97.99,0.35598,101.649570785273,66.5154208141482
"ORCL",96.47,"call",99,0.32,99.32,0.26205,102.731202945186,65.7761731785987
"ORCL",96.47,"call",100,0.15,100.15,0.21134,103.452459220938,57.964273175306
"ORCL",96.47,"call",96,1.53,97.53,0.39246,101.287871315746,54.5277976577737
"ORCL",96.47,"call",101,0.1,101.1,0.16248,104.308948334533,43.7637925394876
"ORCL",96.47,"call",103,0.07,103.07,0.09035,106.155719765974,21.5119280855749
"ORCL",96.47,"call",102,0.19,102.19,0.11783,105.326870717414,20.200517663295
"ORCL",96.47,"call",95,2.37,97.37,0.40513,101.167826165654,12.8771414491545
"ORCL",96.47,"call",105,0.1,105.1,0.04718,108.131959818015,4.77658642139298
"ORCL",96.47,"call",104,0.18,104.18,0.06389,107.214462713563,2.53720227695416
"PEP",184.83,"call",192.5,0.19,192.69,0.07173,195.784186590277,4.55747041205745
"PEP",184.83,"call",190,0.47,190.47,0.13757,193.725850320331,4.25652285678699
"PEP",184.83,"call",197.5,0.03,197.53,0.01473,200.644122177802,1.63129196790187
"BAC",30.56,"call",31,0.34,31.34,0.30121,32.5535730344411,12.795173370401
"BAC",30.56,"call",31.5,0.19,31.69,0.23568,32.843432469502,12.6620164412233
"BAC",30.56,"call",30.5,0.56,31.06,0.36023,32.3315195289125,9.97682799001376
"BAC",30.56,"call",32,0.11,32.11,0.17084,33.2045206321362,9.57803047941523
"BAC",30.56,"call",32.5,0.07,32.57,0.11682,33.6097350798472,5.96392520277455
"BAC",30.56,"call",33,0.05,33.05,0.07454,34.0693143799628,2.97066938824285
"BAC",30.56,"call",33.5,0.04,33.54,0.04717,34.5254677119324,0.837131197185265
"PFE",40.55,"call",41.5,0.17,41.67,0.19174,42.567731278355,3.47267953117846
"PFE",40.55,"call",42,0.09,42.09,0.1237,42.9526069812268,2.78374835777517
"PFE",40.55,"call",42.5,0.05,42.55,0.07401,43.3889141767262,1.57885382195084
"PFE",40.55,"call",41,0.33,41.33,0.26653,42.2666244559864,0.759341625404261
"PFE",40.55,"call",43,0.03,43.03,0.0429,43.8399724683315,0.603481889142178
"COST",496.9,"call",505,2.45,507.45,0.27787,520.643413379441,189.68352757452
"COST",496.9,"call",500,4.2,504.2,0.33727,518.028413245534,188.044293532137
"COST",496.9,"call",502.5,3.3,505.8,0.30727,519.301051296003,186.245903172282
"COST",496.9,"call",507.5,1.8,509.3,0.2474,522.155965194799,182.588578919317
"COST",496.9,"call",510,1.32,511.32,0.21588,523.886115640006,167.773464436449
"COST",496.9,"call",515,0.6,515.6,0.1594,527.601771530112,140.872238189981
"COST",496.9,"call",497.5,5.65,503.15,0.35707,517.232306498641,139.581468146959
"COST",496.9,"call",520,0.35,520.35,0.11073,531.888455928891,96.6408725006107
"COST",496.9,"call",495,7.15,502.15,0.37641,516.483056247171,93.643720199773
"COST",496.9,"call",525,0.21,525.21,0.07405,536.461050445877,63.8690785517179
"COST",496.9,"call",530,0.15,530.15,0.0496,540.859773659935,38.864477353279
"COST",496.9,"call",492.5,8.8,501.3,0.39383,515.830196736441,38.813138071267
"COST",496.9,"call",535,0.08,535.08,0.03157,545.684595394594,25.7312676607336
"COST",496.9,"call",540,0.09,540.09,0.02004,550.442304530958,11.9263782800395
"COST",496.9,"call",545,0.08,545.08,0.01269,555.131023186962,4.85626842425508
"COST",496.9,"call",555,0.04,555.04,0.00481,564.911879660376,0.767614116641036
"MCD",290.91,"call",315,0.05,315.05,0.00984,320.464816633254,0.377379567122079
"CSCO",50.31,"call",51,0.33,51.33,0.3043,53.0205798171575,28.4862438361018
"CSCO",50.31,"call",51.5,0.19,51.69,0.25432,53.3181813025852,27.2399868873463
"CSCO",50.31,"call",50.5,0.55,51.05,0.34602,52.7998242408987,24.5785183835761
"CSCO",50.31,"call",52,0.1,52.1,0.20475,53.6643071193163,24.0766882680005
"CSCO",50.31,"call",52.5,0.05,52.55,0.1575,54.0693007191024,19.7164863258628
"CSCO",50.31,"call",50,0.85,50.85,0.37759,52.645091289632,14.876002005213
"CSCO",50.31,"call",53,0.04,53.04,0.1168,54.5160895534993,13.7079259848713
"CSCO",50.31,"call",53.5,0.03,53.53,0.08584,54.9654054228941,9.57904015012308
"CSCO",50.31,"call",54,0.03,54.03,0.06084,55.4565405824369,5.86159290354619
"CSCO",50.31,"call",55,0.01,55.01,0.03093,56.4196821616637,3.39107692602592
"CSCO",50.31,"call",54.5,0.05,54.55,0.04235,55.9729818514004,1.23807814068075
"CSCO",50.31,"call",49.5,1.21,50.71,0.40091,52.53662337504,0.741267728730108
"CRM",198.5,"call",202.5,1.74,204.24,0.29264,212.506782443611,118.83848142982
"CRM",198.5,"call",205,1.04,206.04,0.24224,214.044889984277,115.103414979128
"CRM",198.5,"call",200,2.76,202.76,0.33779,211.300927894099,105.734043334781
"CRM",198.5,"call",207.5,0.61,208.11,0.19283,215.839543023452,99.8114081212221
"CRM",198.5,"call",210,0.36,210.36,0.14835,217.833360702434,80.2079060206032
"CRM",198.5,"call",197.5,4.1,201.6,0.37534,210.387230832139,73.7093220534896
"CRM",198.5,"call",212.5,0.2,212.7,0.11071,219.987799753812,62.8974310744574
"CRM",198.5,"call",215,0.12,215.12,0.08113,222.223220163187,46.6019851839338
"CRM",198.5,"call",217.5,0.07,217.57,0.05823,224.55063930224,34.0558726569424
"CRM",198.5,"call",220,0.05,220.05,0.0414,226.911092760723,23.6119240293926
"CRM",198.5,"call",195,5.75,200.75,0.40401,209.733509980377,20.2485367172281
"CRM",198.5,"call",225,0.04,225.04,0.02048,231.634861744776,9.58819685330032
"CRM",198.5,"call",230,0.04,230.04,0.00965,236.580938836568,2.35060597728807
"NKE",126.21,"call",131,0.36,131.36,0.14384,134.612982940834,15.9691466209546
"NKE",126.21,"call",130,0.54,130.54,0.18096,133.858511521865,15.8236244996729
"NKE",126.21,"call",132,0.23,132.23,0.11144,135.4370934357,15.3029692474453
"NKE",126.21,"call",129,0.78,129.78,0.22032,133.196246201442,14.4516963101756
"NKE",126.21,"call",133,0.16,133.16,0.08416,136.327798321659,12.0067506750858
"NKE",126.21,"call",128,1.12,129.12,0.26029,132.620734346372,8.27309430170394
"NKE",126.21,"call",134,0.13,134.13,0.06302,137.237923969009,7.40539685269232
"NKE",126.21,"call",135,0.08,135.08,0.0464,138.188130522218,6.79292562308962
"NKE",126.21,"call",136,0.06,136.06,0.03421,139.130657226807,4.70997837290574
"NKE",126.21,"call",137,0.04,137.04,0.02473,140.127675045174,3.73474038671541
"NKE",126.21,"call",138,0.03,138.03,0.01787,141.132550322747,2.59786742674862
"NKE",126.21,"call",139,0.03,139.03,0.01302,142.109345754407,1.04836817223803
"NKE",126.21,"call",140,0.02,140.02,0.00939,143.122493200143,0.932021114934408
"ACN",279.96,"call",285,1.75,286.75,0.26089,294.860930216573,82.2618084201811
"ACN",279.96,"call",287.5,1.1,288.6,0.21275,296.49147125934,81.2935510424492
"ACN",279.96,"call",290,0.65,290.65,0.16825,298.315471244148,74.9078036827863
"ACN",279.96,"call",292.5,0.35,292.85,0.12936,300.300994250811,65.9136616284906
"ACN",279.96,"call",282.5,2.75,285.25,0.30406,293.601461491608,62.5510381138296
"ACN",279.96,"call",295,0.25,295.25,0.09526,302.555443196602,46.9731518908304
"ACN",279.96,"call",300,0.15,300.15,0.04858,307.452357327268,21.203551895867
"ACN",279.96,"call",297.5,0.3,297.8,0.06767,305.043698566976,21.0482082027269
"ACN",279.96,"call",280,4.1,284.1,0.33917,292.677013605785,19.9662704674125
"ADBE",377.55,"call",385,3.25,388.25,0.2793,403.272611290498,185.354033343609
"ADBE",377.55,"call",387.5,2.51,390.01,0.25309,404.7380371975,185.277483431517
"ADBE",377.55,"call",390,1.86,391.86,0.22728,406.308738537066,184.665009470439
"ADBE",377.55,"call",392.5,1.39,393.89,0.20041,408.109366977747,173.82732360102
"ADBE",377.55,"call",382.5,4.2,386.7,0.3032,402.028215795075,172.095502906661
"ADBE",377.55,"call",395,1.03,396.03,0.17452,410.061707084343,159.856912035962
"ADBE",377.55,"call",380,5.3,385.3,0.32589,400.91105286442,151.470301798578
"ADBE",377.55,"call",397.5,0.76,398.26,0.15102,412.075818857259,144.124016382318
"ADBE",377.55,"call",400,0.58,400.58,0.12918,414.219396714489,125.68616675777
"ADBE",377.55,"call",377.5,6.65,384.15,0.34506,400.012072664497,111.80157936112
"ADBE",377.55,"call",405,0.36,405.36,0.09307,418.623851275072,90.7971838170942
"ADBE",377.55,"call",410,0.23,410.23,0.06608,423.121156243019,63.7046004538674
"ADBE",377.55,"call",375,8.15,383.15,0.36306,399.200318191946,63.6167522768058
"ADBE",377.55,"call",415,0.17,415.17,0.04565,427.830232933303,41.5700133405273
"ADBE",377.55,"call",420,0.18,420.18,0.03119,432.612681113129,21.3389523918484
"ADBE",377.55,"call",425,0.15,425.15,0.02104,437.473607545945,11.2444702766687
"ADBE",377.55,"call",430,0.13,430.13,0.01423,442.281849945306,4.47707247217022
"ADBE",377.55,"call",450,0.03,450.03,0.00261,462.74899255267,0.327487056246815
"WFC",41.87,"call",43,0.3,43.3,0.22797,44.6617670961723,7.88330449143972
"WFC",41.87,"call",42.5,0.45,42.95,0.28225,44.3655428226346,7.65494616886224
"WFC",41.87,"call",43.5,0.19,43.69,0.17674,45.0021229757491,7.54852147338977
"WFC",41.87,"call",44,0.13,44.13,0.13016,45.3975272668454,5.19021490526011
"WFC",41.87,"call",42,0.67,42.67,0.32951,44.1421975343791,3.58755095532691
"WFC",41.87,"call",45,0.07,45.07,0.06341,46.2866480100977,1.15863503202924
"PM",101.33,"call",106,0.15,106.15,0.07261,108.17063997149,0.761016832985412
"RTX",104.66,"call",110,0.16,110.16,0.08011,112.485702487131,3.91296262440684
"RTX",104.66,"call",109,0.27,109.27,0.11438,111.647147639612,3.27807470188516
"RTX",104.66,"call",111,0.11,111.11,0.0535,113.421761136644,1.95642208104636
"RTX",104.66,"call",108,0.45,108.45,0.15669,110.889966000802,0.282877266563041
"MS",89.85,"call",93,0.76,93.76,0.21095,97.2818279917041,14.325161484999
"MS",89.85,"call",95,0.38,95.38,0.13944,98.6981397416632,13.566860557751
"MS",89.85,"call",94,0.56,94.56,0.17267,97.9783579898688,12.6943074110638
"MS",89.85,"call",92,1.05,93.05,0.25083,96.6647600347492,12.0061759516144
"MS",89.85,"call",96,0.27,96.27,0.10832,99.5285417479483,11.2211642137755
"MS",89.85,"call",97,0.19,97.19,0.08259,100.408336841973,9.14945397785533
"MS",89.85,"call",98,0.14,98.14,0.06199,101.323169243555,6.60032614079841
"MS",89.85,"call",91,1.42,92.42,0.28763,96.1612089828313,6.45185397317785
"MS",89.85,"call",99,0.1,99.1,0.04607,102.265971396092,5.04633022179741
"MS",89.85,"call",100,0.08,100.08,0.03385,103.238712817264,2.96304288643894
"MS",89.85,"call",102,0.05,102.05,0.01839,105.142367568402,0.778813958290614
"BMY",70.23,"call",73,0.16,73.16,0.11215,74.6826582634797,2.8710124249251
"BMY",70.23,"call",75,0.03,75.03,0.03358,76.4599549044362,1.90252856909691
"BMY",70.23,"call",74,0.08,74.08,0.06261,75.5514630700767,1.71371028175
"AMD",89.78,"call",95,0.72,95.72,0.1897,100.580165381707,33.8557372909905
"AMD",89.78,"call",94,0.95,94.95,0.21699,99.9198886149786,33.455663056421
"AMD",89.78,"call",93,1.22,94.22,0.24617,99.2867050865507,32.7598191156192
"AMD",89.78,"call",96,0.55,96.55,0.16204,101.339778198287,31.525765925044
"AMD",89.78,"call",92,1.56,93.56,0.2749,98.7220993645005,28.7905115301182
"AMD",89.78,"call",97,0.42,97.42,0.13705,102.137167238892,28.4048770090138
"AMD",89.78,"call",98,0.32,98.32,0.11453,102.977832572118,25.0111164484664
"AMD",89.78,"call",91,1.96,92.96,0.30227,98.2274993318079,22.4656223025563
"AMD",89.78,"call",99,0.24,99.24,0.09478,103.856362783909,22.0286064658904
"AMD",89.78,"call",100,0.19,100.19,0.07754,104.778901343831,18.0556010200693
"AMD",89.78,"call",101,0.15,101.15,0.06289,105.738196765607,14.7985194589022
"AMD",89.78,"call",90,2.43,92.43,0.32899,97.7778123608917,12.8822488609761
"AMD",89.78,"call",102,0.12,102.12,0.05113,106.685157788251,11.9552117713264
"AMD",89.78,"call",103,0.09,103.09,0.04129,107.661258061066,10.2463345341413
"AMD",89.78,"call",104,0.08,104.08,0.03353,108.610029171786,7.45742781299902
"AMD",89.78,"call",105,0.06,105.06,0.02632,109.724405717919,6.43463584956359
"AMD",89.78,"call",106,0.05,106.05,0.02102,110.78571624266,5.05957554207103
"AMD",89.78,"call",107,0.05,107.05,0.01696,111.802635741641,3.1452702178227
"AMD",89.78,"call",108,0.04,108.04,0.01364,112.840704327628,2.60272070288483
"AMD",89.78,"call",110,0.03,110.03,0.00874,115.005510634838,1.37481629484836
"AMD",89.78,"call",109,0.04,109.04,0.01092,113.908615295953,1.36020790318049
"AMD",89.78,"call",111,0.03,111.03,0.00726,115.924410101166,0.575121733446808
"AMD",89.78,"call",113,0.02,113.02,0.00473,118.091696595301,0.408372489577569
"QCOM",118.36,"call",123,0.71,123.71,0.19449,128.134290925323,28.8568242065993
"QCOM",118.36,"call",122,0.96,122.96,0.22447,127.493246246842,27.3068985028654
"QCOM",118.36,"call",124,0.53,124.53,0.16505,128.850991805594,27.0656197513317
"QCOM",118.36,"call",125,0.39,125.39,0.13745,129.632498856384,24.6736967810042
"QCOM",118.36,"call",121,1.27,122.27,0.25543,126.900833068692,23.7249790735964
"QCOM",118.36,"call",126,0.29,126.29,0.11239,130.48154490267,21.3680831611114
"QCOM",118.36,"call",127,0.21,127.21,0.0913,131.347259824714,18.6904821996388
"QCOM",118.36,"call",120,1.65,121.65,0.28608,126.37122428005,17.2679842036765
"QCOM",118.36,"call",128,0.16,128.16,0.07323,132.255642556594,15.164070441935
"QCOM",118.36,"call",129,0.13,129.13,0.05811,133.200093662225,11.4067442711871
"QCOM",118.36,"call",130,0.1,130.1,0.04589,134.155348801646,9.06889565075388
"QCOM",118.36,"call",131,0.08,131.08,0.03612,135.125702264575,6.90203657964535
"QCOM",118.36,"call",119,2.11,121.11,0.31463,125.918255096531,6.66906010215618
"QCOM",118.36,"call",132,0.07,132.07,0.02824,136.12036683846,4.63591595181096
"QCOM",118.36,"call",133,0.06,133.06,0.02205,137.11601489236,3.07581283765367
"QCOM",118.36,"call",134,0.05,134.05,0.01701,138.172724790001,2.09780486779225
"QCOM",118.36,"call",135,0.04,135.04,0.01348,139.123531445216,1.55852038815136
"QCOM",118.36,"call",136,0.04,136.04,0.01065,140.077133492076,0.342147169061334
"HON",196.93,"call",210,0.2,210.2,0.0497,214.943765122813,4.57051266037866
"HON",196.93,"call",215,0.05,215.05,0.01765,219.798405319246,3.46918538846939
"HON",196.93,"call",207.5,0.4,207.9,0.07936,212.708390106782,1.33378388741804
"LMT",501.41,"call",515,1.4,516.4,0.19556,528.41053490304,122.256420563855
"LMT",501.41,"call",510,2.65,512.65,0.25542,525.14385090293,121.804239762635
"LMT",501.41,"call",505,4.5,509.5,0.31297,522.551309551271,99.3033350261304
"LMT",501.41,"call",520,0.85,520.85,0.14003,532.324557459419,87.5807781042458
"LMT",501.41,"call",502.5,5.8,508.3,0.3364,521.600248516943,62.5323601099471
"LMT",501.41,"call",525,0.5,525.5,0.09625,536.55305107786,61.1981166244036
"LMT",501.41,"call",530,0.35,530.35,0.06376,541.031250552185,35.3352535207297
"LMT",501.41,"call",500,7.2,507.2,0.35888,520.732585073212,24.051013107433
"LMT",501.41,"call",540,0.15,540.15,0.02628,550.260510321687,11.9646211253946
"LMT",501.41,"call",535,0.35,535.35,0.04073,545.75936531996,8.8228949481962
"LMT",501.41,"call",550,0.1,550.1,0.0097,560.387022496277,0.0754118213886201
"INTU",442.59,"call",460,2.55,462.55,0.18534,478.630271180091,90.2934460518082
"INTU",442.59,"call",465,1.7,466.7,0.14678,482.326992114724,84.3255902599192
"INTU",442.59,"call",455,3.8,458.8,0.22777,475.27641295521,81.8358578808258
"INTU",442.59,"call",470,1.15,471.15,0.11288,486.391738223679,70.029941068884
"INTU",442.59,"call",452.5,4.7,457.2,0.24773,473.882874799543,59.7179574090676
"INTU",442.59,"call",450,5.5,455.5,0.26997,472.437706176646,55.7507536509114
"INTU",442.59,"call",475,0.8,475.8,0.08423,490.820282867874,53.254242596101
"INTU",442.59,"call",447.5,6.5,454,0.29032,471.197059935152,37.973044037332
"INTU",442.59,"call",480,0.6,480.6,0.06104,495.66515165924,35.6200857280016
"INTU",442.59,"call",445,7.6,452.6,0.31054,470.031076668464,17.3150548624786
"INTU",442.59,"call",485,0.65,485.65,0.04296,500.993574424836,3.70839572909703
"LOW",208.1,"call",210,1.6,211.6,0.33097,218.415729996839,118.535415705371
"LOW",208.1,"call",212.5,0.86,213.36,0.26712,219.839630103361,110.056199320985
"LOW",208.1,"call",207.5,2.84,210.34,0.38225,217.415279820583,95.0115711417877
"LOW",208.1,"call",215,0.45,215.45,0.20008,221.666516051195,88.3836531523119
"LOW",208.1,"call",217.5,0.23,217.73,0.14219,223.750744919026,65.8793420036344
"LOW",208.1,"call",220,0.13,220.13,0.09718,226.01231109731,45.427639243655
"LOW",208.1,"call",205,4.5,209.5,0.41754,216.781495282207,41.9245540132725
"LOW",208.1,"call",222.5,0.16,222.66,0.0638,228.461796107927,22.0362591685728
"LOW",208.1,"call",225,0.11,225.11,0.04173,230.935597591835,13.7692487507262
"LOW",208.1,"call",227.5,0.1,227.6,0.02733,233.395095623177,6.11129633814216
"SBUX",107.91,"call",110,0.55,110.55,0.28072,113.883551240392,54.0190504202813
"SBUX",107.91,"call",109,0.89,109.89,0.32852,113.349783673189,53.8990932316044
"SBUX",107.91,"call",111,0.34,111.34,0.22911,114.54797140913,47.2875729545699
"SBUX",107.91,"call",108,1.38,109.38,0.36686,112.961563473296,44.0199175813447
"SBUX",107.91,"call",112,0.2,112.2,0.18115,115.287056688466,39.5450319115643
"SBUX",107.91,"call",113,0.13,113.13,0.13863,116.096413961717,29.9255867512872
"SBUX",107.91,"call",107,2,109,0.39652,112.679522559922,25.2044285460201
"SBUX",107.91,"call",114,0.09,114.09,0.10275,116.970437420615,21.5212444968187
"SBUX",107.91,"call",115,0.07,115.07,0.07454,117.882675938444,14.4874664451629
"SBUX",107.91,"call",116,0.06,116.06,0.05333,118.813788731185,9.00593530341051
"SBUX",107.91,"call",117,0.05,117.05,0.03799,119.733487593714,5.38451936851998
"SBUX",107.91,"call",118,0.04,118.04,0.02648,120.698095775462,3.14455761342279
"SBUX",107.91,"call",119,0.04,119.04,0.01822,121.700508211146,0.920325960708894
"DE",396.69,"call",412.5,1.06,413.56,0.12481,422.818499057459,22.7851867361416
"DE",396.69,"call",410,1.46,411.46,0.15232,420.951563991431,20.814222717475
"DE",396.69,"call",415,0.78,415.78,0.10003,424.841764706717,20.447172361292
"DE",396.69,"call",407.5,1.96,409.46,0.18245,419.214755574151,17.7357154503769
"DE",396.69,"call",420,0.43,420.43,0.0618,429.096790605111,13.2181659395852
"DE",396.69,"call",405,2.68,407.68,0.21293,417.689203148513,2.19120264128736
"GS",333.91,"call",340,2.55,342.55,0.27829,353.838889203337,130.122447639652
"GS",333.91,"call",337.5,3.45,340.95,0.31247,352.516360358003,124.216212106522
"GS",333.91,"call",342.5,1.88,344.38,0.24256,355.368597099905,124.140691255307
"GS",333.91,"call",345,1.28,346.28,0.20837,357.020376390983,122.468582858915
"GS",333.91,"call",347.5,0.87,348.37,0.17495,358.875420288178,112.012977941678
"GS",333.91,"call",350,0.58,350.58,0.14394,360.908702200033,99.019859467281
"GS",333.91,"call",335,4.65,339.65,0.34171,351.470716642152,97.8208583789725
"GS",333.91,"call",352.5,0.43,352.93,0.11624,363.10039716307,80.2190166235303
"GS",333.91,"call",355,0.3,355.3,0.09343,365.299137192811,66.2248387924366
"GS",333.91,"call",332.5,6.05,338.55,0.36719,350.611692042314,60.0432201017285
"GS",333.91,"call",357.5,0.21,357.71,0.07432,367.567043186463,53.8182649617902
"GS",333.91,"call",360,0.15,360.15,0.05856,369.902101455759,42.9867061249241
"GS",333.91,"call",362.5,0.12,362.62,0.04575,372.296234265875,32.8177717663776
"GS",333.91,"call",330,7.5,337.5,0.39214,349.811377552923,26.8833593603082
"GS",333.91,"call",365,0.09,365.09,0.03584,374.632453822864,25.5227145011444
"GS",333.91,"call",367.5,0.08,367.58,0.02769,377.082244374359,18.5332346726013
"GS",333.91,"call",370,0.07,370.07,0.02123,379.619373475657,13.4219298888189
"GS",333.91,"call",375,0.02,375.02,0.01257,384.598300761178,10.0650640568011
"GS",333.91,"call",372.5,0.06,372.56,0.01639,382.078963661317,9.69992144089801
"GS",333.91,"call",380,0.01,380.01,0.00777,389.084220147335,6.05843905447945
"GS",333.91,"call",377.5,0.05,377.55,0.00988,386.869791153537,4.25735365969438
"GS",333.91,"call",390,0.01,390.01,0.00265,398.417422678107,1.23061700969827
"GS",333.91,"call",382.5,0.05,382.55,0.00605,391.311164161703,0.330754317830041
"GS",333.91,"call",385,0.04,385.04,0.00458,393.743181698544,0.00437721793312296
"MDT",81.65,"call",84,0.26,84.26,0.16406,86.0840731215844,8.1913036327129
"MDT",81.65,"call",85,0.12,85.12,0.1051,86.8852148263147,7.81360782456774
"MDT",81.65,"call",86,0.08,86.08,0.06201,87.8053838693709,3.19518537396868
"MDT",81.65,"call",83,0.54,83.54,0.23299,85.4325254721607,2.67541097587161
"GILD",83.78,"call",88,0.29,88.29,0.15793,91.3192024831599,23.4201648165449
"GILD",83.78,"call",86,0.74,86.74,0.24601,89.9424612893,22.9884901780693
"GILD",83.78,"call",87,0.49,87.49,0.19974,90.5980706160812,22.8678624856059
"GILD",83.78,"call",89,0.18,89.18,0.12013,92.1381046052588,19.6980506229743
"GILD",83.78,"call",90,0.11,90.11,0.08895,93.0222387185722,15.8828134016999
"GILD",83.78,"call",85,1.13,86.13,0.28655,89.4452535307182,14.3787399227302
"GILD",83.78,"call",84,1.62,85.62,0.32587,89.0138735851037,1.38709851777318
"BLK",694.03,"call",710,4,714,0.2574,737.085230875635,297.17384273884
"BLK",694.03,"call",715,2.95,717.95,0.22133,740.53269286866,270.115091262041
"BLK",694.03,"call",705,5.8,710.8,0.28925,734.364038384739,269.354810278567
"BLK",694.03,"call",720,2.05,722.05,0.1882,744.161188629077,249.713569999222
"BLK",694.03,"call",725,1.2,726.2,0.15913,747.835877383128,243.38731679772
"BLK",694.03,"call",700,7.9,707.9,0.31916,732.019337081724,231.929162300295
"BLK",694.03,"call",730,0.75,730.75,0.1306,752.073335686281,213.277764062825
"BLK",694.03,"call",695,10.3,705.3,0.34709,729.973343667087,183.889785340906
"BLK",694.03,"call",735,1.2,736.2,0.1025,757.198014422581,107.529647831458
"BLK",694.03,"call",690,13.3,703.3,0.36975,728.398691421392,89.7916153059762
"BLK",694.03,"call",740,1,741,0.08166,761.972807989643,79.4299500434229
"BLK",694.03,"call",745,0.75,745.75,0.06529,766.649329836815,66.3484745045667
"BLK",694.03,"call",750,0.5,750.5,0.05239,771.220694947393,61.1752208293907
"BLK",694.03,"call",687.5,14.8,702.3,0.3814,727.616776528961,50.0538568145616
"BLK",694.03,"call",755,0.6,755.6,0.04135,776.091920303456,27.2150904547917
"BKNG",2696.68,"call",2750,19.4,2769.4,0.32231,2913.98532290919,3345.41094268615
"BKNG",2696.68,"call",2720,30.6,2750.6,0.35693,2899.03759641479,3330.38892883325
"BKNG",2696.68,"call",2770,13.3,2783.3,0.2981,2925.16319945597,3295.4149757825
"BKNG",2696.68,"call",2780,10.7,2790.7,0.28524,2931.39414207949,3248.36650867541
"BKNG",2696.68,"call",2760,17.5,2777.5,0.30818,2920.42793642644,3194.06814479018
"BKNG",2696.68,"call",2710,36.1,2746.1,0.36588,2895.35034182745,3171.59830678272
"BKNG",2696.68,"call",2700,40.6,2740.6,0.37632,2891.13202139972,3132.68022931415
"BKNG",2696.68,"call",2740,25,2765,0.33018,2910.48570974253,3129.09716427889
"BKNG",2696.68,"call",2730,29.1,2759.1,0.34095,2905.793958132,3083.69500251039
"BKNG",2696.68,"call",2690,46.4,2736.4,0.38426,2887.98024976318,2967.58907740002
"BKNG",2696.68,"call",2790,10.9,2800.9,0.26815,2940.04220719644,2933.3817859726
"BKNG",2696.68,"call",2800,8.9,2808.9,0.25494,2947.04512398533,2858.76839088207
"BKNG",2696.68,"call",2810,7.2,2817.2,0.24206,2954.1766857152,2769.94085442221
"BKNG",2696.68,"call",2680,53.1,2733.1,0.39049,2885.53615735597,2715.98140859332
"BKNG",2696.68,"call",2820,6.5,2826.5,0.22867,2961.92908807923,2595.49245710776
"BKNG",2696.68,"call",2830,4.7,2834.7,0.21708,2968.94076141255,2546.1260487436
"BKNG",2696.68,"call",2840,3.3,2843.3,0.20503,2976.56627589498,2470.01835467479
"BKNG",2696.68,"call",2675,58.6,2733.6,0.38951,2885.91901649152,2355.50661136119
"BKNG",2696.68,"call",2665,64.4,2729.4,0.39754,2882.8000088874,2218.42155330979
"BKNG",2696.68,"call",2670,62.5,2732.5,0.39165,2885.0838251527,2173.75801210552
"BKNG",2696.68,"call",2850,4.8,2854.8,0.18996,2986.68291811662,2116.42871254327
"BKNG",2696.68,"call",2655,70.6,2725.6,0.40466,2880.06700919547,2047.56159410375
"BKNG",2696.68,"call",2860,3.8,2863.8,0.1785,2994.86409305627,2027.32406105436
"BKNG",2696.68,"call",2660,69.2,2729.2,0.39786,2882.67653521991,1939.40863025939
"BKNG",2696.68,"call",2870,4.8,2874.8,0.16525,3004.92138251821,1749.5758461134
"BKNG",2696.68,"call",2650,75.9,2725.9,0.40413,2880.26939606442,1715.87710315146
"BKNG",2696.68,"call",2900,0.95,2900.95,0.1367,3029.47381556701,1674.90705880102
"BKNG",2696.68,"call",2880,4,2884,0.15431,3013.83014042506,1665.13289689905
"BKNG",2696.68,"call",2645,79.8,2724.8,0.40634,2879.42672546795,1545.69556266482
"BKNG",2696.68,"call",2640,83.2,2723.2,0.40936,2878.28022386531,1434.23924415023
"BKNG",2696.68,"call",2890,4.8,2894.8,0.14306,3023.61825372292,1431.54273776008
"BKNG",2696.68,"call",2635,86.2,2721.2,0.41361,2876.67672536042,1375.99103763216
"BKNG",2696.68,"call",2920,3.4,2923.4,0.11553,3051.05713729862,1174.10310721098
"BKNG",2696.68,"call",2630,90.5,2720.5,0.41497,2876.16609603155,1165.15448702132
"BKNG",2696.68,"call",2910,4.8,2914.8,0.12319,3042.83471704782,1156.39087931211
"BKNG",2696.68,"call",2950,0.95,2950.95,0.09418,3076.96913472023,1100.79531079509
"BKNG",2696.68,"call",2940,3.4,2943.4,0.09965,3069.84696174043,953.924973743424
"BKNG",2696.68,"call",2625,95,2720,0.41609,2875.7463893548,933.306514663899
"BKNG",2696.68,"call",2930,4.8,2934.8,0.10614,3061.86179533339,919.581095668651
"BKNG",2696.68,"call",2622.5,97.5,2720,0.41609,2875.7463893548,787.329014663899
"BKNG",2696.68,"call",2960,3.2,2963.2,0.08596,3088.44429697599,784.107176805589
"BKNG",2696.68,"call",3000,0.9,3000.9,0.06461,3123.89794163182,710.504600883185
"BKNG",2696.68,"call",2620,99.8,2719.8,0.41639,2875.63409823445,664.348216384187
"BKNG",2696.68,"call",2980,3.2,2983.2,0.07378,3107.48599974825,620.591706142601
"BKNG",2696.68,"call",2617.5,101.7,2719.2,0.41766,2875.15932176174,591.399232700913
"BKNG",2696.68,"call",2970,4.8,2974.8,0.07875,3099.38625540283,538.916761297255
"BKNG",2696.68,"call",2615,104,2719,0.418,2875.03238278703,469.353600498013
"BKNG",2696.68,"call",2990,4.3,2994.3,0.06794,3117.69751242071,437.576899386314
"BKNG",2696.68,"call",3060,0.6,3060.6,0.04042,3180.75444763977,428.08947735997
"BKNG",2696.68,"call",3020,3.2,3023.2,0.05459,3144.36566425321,358.912161158289
"BKNG",2696.68,"call",3010,3.8,3013.8,0.05892,3135.12610293914,357.242998517409
"BKNG",2696.68,"call",2612.5,106.8,2719.3,0.41742,2875.24896581824,287.667331185006
"BKNG",2696.68,"call",3040,3.1,3043.1,0.04657,3163.682718017,265.990417805164
"BKNG",2696.68,"call",3100,1,3101,0.02886,3221.31489270987,250.114780360698
"BKNG",2696.68,"call",3030,3.9,3033.9,0.04976,3155.65044616296,235.236620106906
"BKNG",2696.68,"call",3050,3.1,3053.1,0.04282,3173.79707973575,220.099095428461
"BKNG",2696.68,"call",3080,2.5,3082.5,0.03354,3203.2228428737,163.289414998379
"BKNG",2696.68,"call",3200,0.3,3200.3,0.01314,3315.05775973689,121.185896294277
"BKNG",2696.68,"call",3250,0.1,3250.1,0.00844,3365.90268333807,87.8218647373348
"BKNG",2696.68,"call",3300,0.1,3300.1,0.0055,3414.78120282274,53.1296615525095
"BKNG",2696.68,"call",3350,0.05,3350.05,0.00364,3461.30965428727,35.5167141605681
"BKNG",2696.68,"call",3400,0.05,3400.05,0.00239,3507.40378554545,20.6695047453633
"BKNG",2696.68,"call",3450,0.05,3450.05,0.00155,3552.60576788632,10.9038940223797
