Symbol,P/E Ratio,EPS,Prev Close
AADI,1.65,4.65,7.590000152587891
AAL,75.95,0.19,13.960000038146973
AAME,17.86,0.14,2.5199999809265137
AAON,48.85,1.86,89.79000091552734
AAPL,26.74,5.89,157.39999389648438
ABCB,7.67,4.99,36.029998779296875
ABCL,14.86,0.51,7.570000171661377
ABCM,170.94,0.08,13.420000076293945
ABNB,44.49,2.76,118.4000015258789
ABOS,3.28,1.2,3.75
ACAH,167.67,0.06,10.0600004196167
ACAX,1029.0,0.01,10.289999961853027
ACDC,60.45,0.22,14.670000076293945
ACGL,18.48,3.63,65.61000061035156
ACGLN,4.09,4.69,18.959999084472656
ACGLO,4.59,4.69,21.5
ACHC,23.89,2.99,70.44999694824219
ACIW,21.67,1.2,26.149999618530273
ACLS,23.61,5.6,131.50999450683594
ACMR,20.82,0.57,11.859999656677246
ACNB,7.95,4.15,32.29999923706055
ACNT,3.0,2.97,9.130000114440918
ACRX,0.11,5.54,0.5799999833106995
ACT,5.2,4.31,21.93000030517578
ADBE,35.8,10.27,362.8800048828125
ADEA,6.54,1.29,8.319999694824219
ADER,39.81,0.26,10.350000381469727
ADERU,47.35,0.22,10.369999885559082
ADI,28.44,6.6,187.05999755859375
ADP,37.83,5.76,215.8699951171875
ADSK,37.71,5.44,200.4199981689453
ADTH,5.16,0.31,1.590000033378601
ADTN,319.4,0.05,15.479999542236328
ADUS,47.5,2.09,99.0
AEIS,27.75,3.5,95.7699966430664
AEP,19.68,4.57,91.76000213623047
AEPPZ,10.48,4.76,50.40999984741211
AFBI,12.49,1.12,13.619999885559082
AFCG,6.88,1.82,12.109999656677246
AFYA,25.25,0.44,10.789999961853027
AGIO,0.99,22.93,22.729999542236328
AGNC,1.8,5.52,9.680000305175781
AGNCM,3.7,5.52,20.520000457763672
AGNCN,4.49,5.52,24.600000381469727
AGNCO,3.8,5.52,21.040000915527344
AGNCP,7.2,2.71,19.549999237060547
AIMC,30.56,2.02,61.11000061035156
AKAM,22.38,3.37,75.13999938964844
ALCO,6.99,3.56,24.639999389648438
ALGM,192.61,0.24,46.560001373291016
ALGN,56.05,5.76,316.3599853515625
ALOT,68.89,0.18,12.359999656677246
ALRM,33.1,1.53,50.119998931884766
ALRS,5.63,3.08,16.690000534057617
AMAL,12.3,1.57,18.770000457763672
AMAT,28.8,4.18,124.04000091552734
AMCX,3.56,4.64,15.930000305175781
AMD,39.76,2.38,96.80999755859375
AMED,12.26,6.06,73.80000305175781
AMEH,38.94,1.01,36.709999084472656
AMGN,19.36,12.07,234.72000122070312
AMKR,15.4,1.63,25.010000228881836
AMNB,10.7,2.99,30.889999389648438
AMOT,41.06,0.95,37.619998931884766
AMPH,1238.67,0.03,37.189998626708984
AMRK,3.57,8.33,29.780000686645508
AMRN,802.5,0.002,1.5700000524520874
AMSF,10.39,4.9,50.119998931884766
AMSWA,74.5,0.17,12.800000190734863
AMTB,101.66,0.23,22.06999969482422
AMWD,12.82,4.05,50.880001068115234
AMZN,1.88,52.56,97.70999908447266
ANDE,172.65,0.23,39.16999816894531
ANSS,62.63,4.97,313.6000061035156
AOSL,42.16,0.62,25.68000030517578
AOUT,7.5,1.2,9.010000228881836
APEI,3.28,1.25,3.950000047683716
APM,11.75,0.2,2.3399999141693115
APOG,71.61,0.59,41.349998474121094
APPF,26.79,4.44,117.9800033569336
APPS,26.66,0.41,10.210000038146973
ARAY,57.0,0.05,2.7799999713897705
ARBK,2.57,0.67,1.7599999904632568
ARCB,33.74,2.69,87.62000274658203
ARCC,5.14,3.46,17.389999389648438
ARCE,235.0,0.05,12.699999809265137
ARHS,7.56,1.15,8.520000457763672
ARKO,34.29,0.25,8.399999618530273
ARLP,61.74,0.32,19.350000381469727
AROW,9.02,2.96,26.700000762939453
ARRY,38.65,0.49,17.229999542236328
ARTNA,29.25,1.79,53.40999984741211
ASLE,20.53,0.78,15.789999961853027
ASML,49.07,12.96,646.3300170898438
ASO,9.89,6.53,63.86000061035156
ASRV,11.46,0.309,3.4600000381469727
ASTE,19.28,2.05,38.81999969482422
ASTL,1.34,5.82,7.71999979019165
ATCOL,37.66,0.62,23.649999618530273
ATLC,6.37,3.95,22.799999237060547
ATLCP,2.55,6.54,16.207000732421875
ATLO,9.18,2.33,21.049999237060547
ATRI,37.16,17.44,626.989990234375
ATSG,37.98,0.54,19.829999923706055
ATVI,28.29,2.82,79.33999633789062
ATY,9.01,0.172,1.5299999713897705
AUBN,10.75,2.15,23.239999771118164
AUDC,15.28,0.95,14.170000076293945
AVAV,74.04,1.24,91.4800033569336
AVDL,62.77,0.13,8.180000305175781
AVGO,73.44,8.65,643.7100219726562
AVID,115.84,0.25,29.0
AVIR,11.07,0.312,3.5
AVNW,27.28,1.29,34.7400016784668
AVO,17.34,0.63,10.789999961853027
AVT,27.01,1.61,43.52000045776367
AXTI,24.22,0.16,3.7100000381469727
AY,234.53,0.12,27.209999084472656
AZN,43.96,1.52,66.73999786376953
AZPN,43.22,4.66,198.75999450683594
AZTA,27.53,1.49,40.0099983215332
BAFN,2.75,6.15,16.959999084472656
BANF,23.83,3.59,83.94000244140625
BANR,13.51,4.12,53.619998931884766
BANX,14.8,1.18,17.309999465942383
BAOS,29.99,0.021,0.6420000195503235
BBSI,19.87,4.39,86.12999725341797
BCBP,9.93,1.41,13.979999542236328
BCML,13.92,1.32,18.020000457763672
BCOV,26.29,0.175,4.429999828338623
BCOW,28.93,0.28,8.100000381469727
BCPC,47.17,2.71,127.38999938964844
BELFA,20.2,1.6,32.72999954223633
BELFB,20.67,1.6,32.70000076293945
BFC,13.84,5.51,75.47000122070312
BFIN,16.01,0.55,8.8100004196167
BFST,9.34,1.87,16.979999542236328
BGCP,25.34,0.21,5.170000076293945
BGFV,3.0,2.58,7.590000152587891
BHAT,3.91,0.161,0.6000000238418579
BIDU,15.1,10.03,150.17999267578125
BIIB,13.79,19.29,267.9100036621094
BITF,17.41,0.054,0.9100000262260437
BKNG,1776.34,1.44,2493.72998046875
BKR,153.81,0.18,26.950000762939453
BKSC,13.95,1.14,15.649999618530273
BLBD,49.78,0.41,19.15999984741211
BLKB,1012.11,0.06,57.83000183105469
BMBL,86.44,0.23,19.6299991607666
BMRC,10.55,2.35,23.920000076293945
BMRN,21.99,4.2,92.33999633789062
BNSO,13.0,0.237,3.0199999809265137
BNTX,4.24,31.54,132.0800018310547
BOKF,12.05,7.41,86.56999969482422
BON,2.22,0.688,1.4600000381469727
BOTJ,8.51,1.34,11.319999694824219
BPMC,8.03,5.66,45.310001373291016
BPOP,6.26,8.7,52.22999954223633
BPRN,14.13,2.27,31.40999984741211
BPYPN,268.46,0.05,13.960000038146973
BPYPO,297.11,0.05,15.300000190734863
BRID,18.18,0.76,13.6899995803833
BRKL,9.39,1.16,10.520000457763672
BRKR,72.48,1.02,72.73999786376953
BRLT,2.64,1.4,3.7100000381469727
BROG,28.72,0.19,5.599999904632568
BSBK,21.4,0.49,10.399999618530273
BSRR,7.15,2.53,17.530000686645508
BSVN,11.96,2.1,25.079999923706055
BSY,127.68,0.33,41.279998779296875
BTBD,21.53,0.138,2.9649999141693115
BTBT,4.09,0.343,1.2999999523162842
BUSE,9.54,2.24,20.739999771118164
BWB,11.22,1.05,11.850000381469727
BWBBP,14.5,1.31,18.75
BWFG,20.21,1.29,25.5
BWMN,196.85,0.14,26.459999084472656
BWMX,4.8,2.19,10.220000267028809
BZFD,6.21,0.165,1.0499999523162842
BZUN,5.45,1.03,5.429999828338623
CAC,8.72,4.37,37.349998474121094
CACC,10.59,40.02,408.7900085449219
CALB,24.77,0.81,19.809999465942383
CALM,39.8,1.37,54.7599983215332
CAMT,35.39,0.78,27.31999969482422
CARA,30.59,0.18,5.300000190734863
CARG,27.18,0.68,17.979999542236328
CASA,3.41,0.339,1.1399999856948853
CASH,12.66,3.5,42.720001220703125
CASS,27.11,1.7,45.279998779296875
CASY,23.5,8.95,207.8699951171875
CATC,12.29,5.66,67.36000061035156
CATY,11.6,3.2,35.68000030517578
CBAN,6.7,1.59,10.489999771118164
CBNK,7.19,2.32,16.280000686645508
CBRL,56.27,2.02,113.55000305175781
CBSH,16.69,3.6,58.84000015258789
CCAP,3.67,3.74,13.449999809265137
CCB,25.41,1.51,36.65999984741211
CCBG,14.14,2.19,30.309999465942383
CCEP,43.03,1.31,56.130001068115234
CCNE,9.42,2.18,19.829999923706055
CCNEP,7.42,2.76,20.5
CCOI,184.74,0.34,63.29999923706055
CCSI,5.48,6.11,32.40999984741211
CD,83.36,0.08,5.960000038146973
CDNS,87.68,2.34,207.07000732421875
CDW,35.44,5.45,191.44000244140625
CELH,802.77,0.11,83.80000305175781
CENT,16.9,2.38,39.689998626708984
CENTA,16.07,2.38,37.75
CFB,10.95,1.08,11.1899995803833
CFBK,4.47,4.47,20.0
CFFI,7.61,7.0,52.31999969482422
CFFN,13.32,0.56,7.369999885559082
CG,6.27,5.06,30.290000915527344
CGBD,172.38,0.08,13.479999542236328
CGNT,122.5,0.028,3.2300000190734863
CGNX,49.28,1.0,49.31999969482422
CGO,6.09,1.55,9.350000381469727
CHCI,22.29,0.24,5.300000190734863
CHCO,18.53,5.02,91.81999969482422
CHI,3.89,2.86,10.930000305175781
CHKP,21.34,6.07,131.00999450683594
CHMG,9.04,4.9,43.849998474121094
CHNR,4.46,0.139,0.6299999952316284
CHRS,3.81,1.62,6.260000228881836
CHRW,21.88,4.43,95.97000122070312
CHTR,19.97,17.69,348.75
CHW,6.0,0.96,5.760000228881836
CHX,70.96,0.38,26.309999465942383
CHY,3.72,3.06,11.210000038146973
CIGI,85.45,1.22,103.08999633789062
CINF,5.89,18.85,110.41000366210938
CIVB,8.4,2.2,17.940000534057617
CIZN,9.34,1.37,12.770000457763672
CLAR,49.22,0.18,8.720000267028809
CLBK,28.78,0.65,17.780000686645508
CLBT,106.55,0.05,5.699999809265137
CLEU,4.23,0.201,0.8500000238418579
CLFD,13.0,3.57,44.63999938964844
CLPS,3.27,0.343,1.1200000047683716
CLRO,45.86,0.029,1.2999999523162842
CLWT,6.31,0.195,1.2300000190734863
CMBM,10.84,1.62,17.510000228881836
CMCO,98.83,0.36,35.16999816894531
CMCSA,14.56,2.53,36.43000030517578
CME,34.47,5.33,184.77999877929688
CNEY,1.5,0.145,0.20200000703334808
CNFR,26.17,0.06,1.5700000524520874
CNOB,7.57,2.47,17.93000030517578
CNOBP,5.13,3.07,14.930000305175781
CNXC,18.39,6.6,120.05000305175781
CNXN,20.28,2.12,42.72999954223633
COCO,24.37,0.72,17.479999542236328
CODA,25.16,0.27,6.769999980926514
CODX,1.28,1.52,1.899999976158142
COFS,10.86,2.42,26.290000915527344
COHU,50.55,0.73,37.2400016784668
COIN,6.13,13.29,75.13999938964844
COKE,28.22,18.3,513.3800048828125
COLB,8.45,2.7,21.190000534057617
COLL,32.5,0.76,24.049999237060547
COLM,35.65,2.46,86.45999908447266
COOP,3.81,10.79,39.47999954223633
CORT,24.81,0.85,20.899999618530273
COSM,54.5,0.06,3.059999942779541
COST,49.79,9.78,489.2900085449219
CPHC,115.31,0.23,26.799999237060547
CPLP,7.05,1.83,12.1899995803833
CPOP,3.28,0.248,0.8399999737739563
CPRT,24.03,2.95,70.52999877929688
CPRX,23.24,0.71,16.399999618530273
CPSH,111.2,0.025,2.7699999809265137
CPSI,29.64,0.98,28.329999923706055
CPSS,11.56,0.9,9.920000076293945
CRAI,35.97,3.07,109.36000061035156
CRCT,11.48,0.88,10.020000457763672
CREG,0.94,1.58,1.4600000381469727
CRESY,4.24,1.56,6.510000228881836
CRMT,7.4,10.09,71.69999694824219
CRNC,22.34,1.17,25.59000015258789
CROX,20.81,5.88,118.58999633789062
CRSR,13.96,1.19,16.530000686645508
CRTO,26.28,1.16,29.989999771118164
CRUS,30.84,3.37,104.52999877929688
CRVL,77.36,2.38,189.05999755859375
CRWS,7.99,0.73,5.809999942779541
CSCO,21.13,2.39,50.939998626708984
CSGP,11.49,5.86,66.76000213623047
CSGS,29.28,1.82,53.18000030517578
CSIQ,17.25,2.38,35.86000061035156
CSPI,265.54,0.05,11.859999656677246
CSQ,9.35,1.45,13.489999771118164
CSTE,20.9,0.21,4.25
CSTR,9.08,1.63,14.670000076293945
CSWC,20.49,0.84,16.90999984741211
CSWI,45.06,3.02,134.97000122070312
CSX,8.25,3.53,29.18000030517578
CTAS,48.07,9.14,441.7900085449219
CTBI,9.26,4.31,38.869998931884766
CTG,13.69,0.55,7.449999809265137
CTKB,930.0,0.01,9.149999618530273
CTRN,8.8,2.32,23.309999465942383
CTSH,22.91,2.57,58.70000076293945
CULL,7.51,1.49,10.75
CVBF,12.62,1.5,18.25
CVCO,43.29,6.83,294.3399963378906
CVCY,12.4,1.7,21.020000457763672
CVLG,32.84,1.02,32.56999969482422
CVLY,13.76,1.56,21.1200008392334
CWBC,13.14,0.97,12.5
CWCO,60.59,0.24,14.609999656677246
CWST,41.75,1.89,79.87000274658203
CXDO,3.86,0.46,1.7699999809265137
CYAN,4.58,0.201,0.9399999976158142
CZFS,10.74,7.45,79.27999877929688
CZNC,13.98,1.55,21.520000457763672
CZWI,8.04,1.41,10.899999618530273
DAKT,23.46,0.21,4.909999847412109
DCOM,13.18,1.86,23.559999465942383
DCOMP,9.03,1.86,16.149999618530273
DDI,4.73,1.7,8.050000190734863
DGICA,7.57,2.0,14.9399995803833
DGICB,7.61,2.0,14.300000190734863
DGII,124.06,0.26,32.34000015258789
DHIL,10.22,15.96,160.35000610351562
DIOD,47.49,1.88,90.43000030517578
DISH,2.47,3.88,8.989999771118164
DJCO,7.65,35.56,271.94000244140625
DLHC,19.36,0.55,10.640000343322754
DLO,73.17,0.22,15.0600004196167
DLTH,16.05,0.42,6.820000171661377
DLTR,24.74,5.65,141.0800018310547
DMLP,45.39,0.61,27.219999313354492
DNLI,47.09,0.49,23.329999923706055
DOOO,23.82,3.34,78.08000183105469
DORM,22.8,3.62,81.94000244140625
DOX,18.21,5.12,93.25
DRVN,110.8,0.26,27.979999542236328
DSGX,128.97,0.61,78.44000244140625
DSKE,351.0,0.02,6.650000095367432
DXCM,22.48,5.2,117.20999908447266
EA,28.34,4.05,113.5199966430664
EBAY,10.55,4.12,43.040000915527344
EBC,29.45,0.43,12.199999809265137
EBIX,4.76,3.02,13.760000228881836
EBMT,4.72,3.32,15.140000343322754
EBTC,10.29,3.16,31.510000228881836
ECPG,6.91,6.68,46.06999969482422
EDTX,212.4,0.05,10.880000114440918
EDTXU,204.2,0.05,10.210000038146973
EDUC,2.44,1.315,3.109999895095825
EFSC,14.93,3.25,46.84000015258789
EFSCP,4.84,3.46,16.959999084472656
EGAN,31.35,0.24,7.550000190734863
EGBN,7.63,4.75,35.52000045776367
EGRX,30.75,0.87,26.690000534057617
EHTH,5.36,1.52,7.800000190734863
EJH,0.5,0.224,0.1120000034570694
ELTK,7.38,0.58,4.28000020980835
EML,13.61,1.33,17.489999771118164
ENPH,307.98,0.67,192.50999450683594
ENSG,28.57,3.19,91.5999984741211
ENTG,35.08,2.33,82.77999877929688
EPSN,169.33,0.03,4.989999771118164
EQIX,149.47,4.56,689.4500122070312
ERIE,39.03,5.88,232.92999267578125
ERII,46.62,0.47,21.420000076293945
ESCA,6.33,2.07,13.029999732971191
ESEA,31.11,0.58,17.459999084472656
ESGR,2.86,78.8,222.8000030517578
ESGRO,0.28,78.8,22.110000610351562
ESGRP,0.27,78.8,21.549999237060547
ESLT,32.59,5.38,175.13999938964844
ESOA,25.11,0.09,2.200000047683716
ESQ,20.47,1.86,36.86000061035156
ESSA,10.19,1.58,15.819999694824219
ETSY,41.5,2.69,108.36000061035156
EVO,11.67,0.85,9.550000190734863
EVRG,21.5,2.72,60.040000915527344
EWBC,13.6,4.41,54.81999969482422
EWCZ,2053.12,0.01,15.970000267028809
EXC,20.06,2.01,41.81999969482422
EXEL,52.84,0.35,18.329999923706055
EXFY,62.7,0.12,7.510000228881836
EXLS,53.98,2.87,155.60000610351562
EXPD,25.88,4.07,105.31999969482422
EXPI,56.38,0.21,11.399999618530273
EXPO,59.87,1.64,97.37999725341797
EYE,40.88,0.44,17.510000228881836
EZGO,33.03,0.033,1.0099999904632568
FA,67.63,0.2,13.550000190734863
FAMI,8.5,0.05,0.41999998688697815
FANH,10.34,0.77,7.75
FARO,34.47,0.68,22.940000534057617
FAST,35.0,1.51,53.150001525878906
FBIZ,11.53,2.71,30.920000076293945
FBMS,9.36,2.85,25.399999618530273
FBNC,11.74,3.18,35.849998474121094
FCAP,7.28,3.27,24.059999465942383
FCBC,11.25,2.4,26.479999542236328
FCCO,13.05,1.54,19.190000534057617
FCFS,35.9,2.6,90.94999694824219
FCNCA,10.24,56.93,562.3400268554688
FCNCP,0.38,55.39,19.709999084472656
FDBC,14.43,3.27,45.65999984741211
FDUS,14.94,1.28,19.5
FELE,36.46,2.5,90.7699966430664
FFBC,12.87,1.78,21.299999237060547
FFIC,8.39,1.83,14.989999771118164
FFIN,20.85,1.56,31.670000076293945
FFIV,32.01,4.49,142.6199951171875
FFNW,15.66,0.88,13.130000114440918
FFWM,3.92,2.09,7.260000228881836
FGBI,7.8,2.21,16.989999771118164
FGBIP,8.2,2.29,17.309999465942383
FHB,14.3,1.57,21.229999542236328
FIBK,10.91,2.91,30.649999618530273
FINW,3.19,2.87,8.890000343322754
FISI,5.7,3.52,19.84000015258789
FISV,88.1,1.28,110.80999755859375
FITB,10.05,2.72,26.209999084472656
FITBI,8.71,2.72,23.40999984741211
FITBO,5.77,3.62,20.760000228881836
FITBP,6.36,3.62,23.06999969482422
FIVE,90.83,2.2,199.10000610351562
FIZZ,27.7,1.83,50.5
FKWL,2.93,1.679,4.769999980926514
FLEX,25.75,0.83,21.010000228881836
FLGT,3.53,8.91,31.020000457763672
FLIC,8.06,1.81,14.130000114440918
FLL,1512.0,0.0,7.28000020980835
FLNT,24.43,0.028,0.6840000152587891
FLWS,6.05,1.73,10.470000267028809
FMAO,12.78,1.87,23.915000915527344
FMBH,11.76,2.33,27.385000228881836
FMNB,7.96,1.68,13.390000343322754
FNCB,6.99,0.94,6.610000133514404
FNKO,75.45,0.11,8.300000190734863
FNLC,10.12,2.69,27.219999313354492
FNWB,8.68,1.36,11.789999961853027
FNWD,6.96,4.49,31.264999389648438
FOCS,90.26,0.57,51.45000076293945
FONR,15.34,1.05,16.184999465942383
FORM,27.93,1.04,29.049999237060547
FORR,61.8,0.53,32.755001068115234
FORTY,21.67,3.01,65.22000122070312
FOX,12.3,2.53,31.06999969482422
FOXA,13.37,2.53,33.78499984741211
FOXF,54.21,2.22,120.3499984741211
FRAF,8.46,3.63,30.700000762939453
FRBA,8.79,1.3,11.454999923706055
FRBK,7.56,0.185,1.3980000019073486
FRG,5.32,5.0,26.59000015258789
FRGAP,4.21,5.0,21.049999237060547
FRHC,44.82,1.59,71.22000122070312
FRME,11.97,3.03,36.29999923706055
FRPH,14.05,4.16,58.470001220703125
FRST,7.41,1.33,9.850000381469727
FSBC,5.88,3.57,21.0
FSBW,2.83,10.57,29.899999618530273
FSEA,24.9,0.36,8.9399995803833
FSFG,0.79,21.42,16.950000762939453
FSLR,43.3,4.84,209.5749969482422
FSTR,15.1,0.77,11.569999694824219
FSV,57.19,2.37,135.77049255371094
FTDR,21.4,1.31,28.030000686645508
FTFT,0.52,2.336,1.2200000286102295
FTNT,20.99,2.96,62.040000915527344
FULT,11.24,1.35,15.194999694824219
FULTP,12.08,1.56,18.84000015258789
FUNC,8.75,1.97,17.239999771118164
FUND,17.67,0.45,7.880000114440918
FUSB,18.68,0.41,7.678899765014648
FUTU,35.79,1.3,46.45000076293945
FVCB,10.15,1.22,12.420000076293945
FWRD,111.37,0.94,104.3550033569336
FXNC,8.32,1.97,16.420000076293945
FYBR,0.65,36.5,23.670000076293945
GABC,13.28,2.61,34.68000030517578
GAIA,97.78,0.027,2.640000104904175
GAMB,16.44,0.6,9.850000381469727
GASS,8.65,0.312,2.6982998847961426
GBDC,19.94,0.65,12.9399995803833
GBNY,19.82,0.54,10.760000228881836
GCBC,19.66,2.47,48.54999923706055
GCMG,37.5,0.21,7.875
GDEVW,0.01,,0.20280000567436218
GGAL,5.64,1.95,11.005000114440918
GIII,30.44,0.48,14.609999656677246
GILD,327.38,0.24,78.56999969482422
GILT,8.67,0.63,5.454999923706055
GLAD,29.84,0.31,9.25
GLBZ,13.18,0.59,7.75
GLDD,8.31,0.61,5.079999923706055
GLPI,21.22,2.39,50.70000076293945
GLRE,90.19,0.11,9.649999618530273
GMAB,55.35,0.66,36.59000015258789
GMGI,104.23,0.026,2.7100000381469727
GNSS,163.75,0.02,3.2750000953674316
GNTX,18.06,1.51,27.219999313354492
GO,34.09,0.8,27.309999465942383
GOCO,853.53,0.02,14.510000228881836
GOOD,138.89,0.09,12.5
GOODN,729.31,0.03,21.149999618530273
GOODO,636.25,,18.4512996673584
GOOG,1.41,75.04,105.45999908447266
GOOGL,1.4,75.04,104.76000213623047
GPP,7.18,1.74,12.5
GRFS,12.59,0.54,6.832499980926514
GROW,2.19,1.217,2.6600000858306885
GRVY,6.69,8.07,54.0
GRWG,31.91,0.11,3.509999990463257
GSBC,11.8,4.53,53.40999984741211
GSHD,103.92,0.48,49.880001068115234
GSMG,1.32,0.551,0.7300000190734863
GSMGW,0.02,0.551,0.009700000286102295
GTEC,1.73,1.033,1.7899999618530273
GTXAP,3.66,2.23,8.149999618530273
GWRS,259.8,0.05,12.729999542236328
HAFC,10.79,1.84,19.895000457763672
HAIN,55.88,0.29,16.485000610351562
HALO,37.7,0.91,34.29999923706055
HAS,16.66,2.97,49.42499923706055
HBAN,9.86,1.14,11.255000114440918
HBANM,23.2,0.89,20.690000534057617
HBANP,19.14,0.89,17.075000762939453
HBCP,8.69,4.0,34.740501403808594
HBNC,6.49,1.75,11.379899978637695
HBT,10.1,2.02,20.350000381469727
HCCI,69.16,0.51,35.27000045776367
HCDI,141.05,0.04,6.065000057220459
HCDIP,136.28,0.04,5.860000133514404
HCKT,108.42,0.17,17.889999389648438
HCSG,9.25,1.38,12.755000114440918
HEAR,3.43,2.37,8.140000343322754
HEES,195.64,0.23,44.40999984741211
HELE,9.03,10.08,91.0
HFBL,11.78,1.36,16.489999771118164
HFWA,14.13,1.65,23.309999465942383
HGBL,9.27,0.3,2.7799999713897705
HHR,33.33,0.45,15.029999732971191
HHS,5.57,1.73,9.65999984741211
HIBB,14.3,4.36,62.33000183105469
HIFS,8.1,29.7,240.4600067138672
HIHO,13.14,0.164,2.1549999713897705
HIMX,28.28,0.27,7.71999979019165
HIVE,11.72,0.27,3.1649999618530273
HLNE,28.92,2.48,71.5999984741211
HMNF,7.53,2.66,20.0
HMPT,0.88,2.354,2.0799999237060547
HMST,4.13,4.54,18.75
HNNA,8.39,0.95,7.949999809265137
HOLI,14.95,1.12,16.68000030517578
HOLX,10.81,7.28,78.72000122070312
HON,28.97,6.53,189.25999450683594
HONE,11.54,1.1,12.670000076293945
HOPE,10.24,1.04,10.654999732971191
HOUR,14.04,0.146,2.049999952316284
HPK,170.16,0.13,21.950000762939453
HQI,28.8,0.8,22.957300186157227
HQY,487.39,0.12,58.0099983215332
HRMY,223.44,0.2,43.79499816894531
HRZN,15.77,0.72,11.34000015258789
HSIC,28.13,2.82,79.2300033569336
HSTM,91.49,0.29,26.350000381469727
HTBI,16.19,1.62,26.190000534057617
HTBK,12.32,0.75,9.229999542236328
HTLD,17.96,0.88,15.824999809265137
HTLF,9.49,4.24,40.2599983215332
HTLFP,4.8,4.88,23.399999618530273
HTZ,13.86,1.19,16.530000686645508
HTZWW,7.53,,8.979999542236328
HUBG,37.55,2.19,82.2300033569336
HUDI,25.97,0.124,3.2200000286102295
HUT,4.84,0.403,1.950700044631958
HVBC,10.72,2.84,30.399999618530273
HWBK,7.66,3.0,23.0
HWC,19.42,1.96,38.04499816894531
HWKN,24.12,1.72,41.4900016784668
HYFM,4.71,0.39,1.8350000381469727
HYW,4.67,1.22,5.690000057220459
HZNP,60.27,1.81,109.08000183105469
IAC,17.06,2.97,50.70000076293945
IART,27.21,1.99,54.22999954223633
IBCP,5.61,3.33,18.68000030517578
IBKR,24.3,3.4,82.55999755859375
IBOC,16.7,2.62,43.7599983215332
IBTX,9.62,5.03,48.349998474121094
ICCH,13.38,1.16,15.720000267028809
ICFI,37.62,2.87,107.97000122070312
ICHR,20.97,1.42,29.780000686645508
ICLR,33.45,6.35,212.3800048828125
ICUI,40.57,4.02,163.10499572753906
IDCC,51.08,1.44,73.55500030517578
IDN,68.67,0.03,2.059999942779541
IDXX,72.99,6.71,489.7300109863281
IESC,17.5,2.41,42.20000076293945
IGIC,8.79,0.95,8.369999885559082
III,18.54,0.26,4.820000171661377
ILMN,51.39,4.28,219.94500732421875
ILPT,2.32,1.36,3.152600049972534
IMKTA,8.46,10.6,89.62999725341797
IMMR,41.87,0.19,7.954999923706055
IMOS,10.44,2.3,24.010000228881836
IMXI,27.56,0.88,24.25
INBK,5.85,3.42,20.0
INDB,16.98,4.12,70.05999755859375
INMD,18.17,1.74,31.549999237060547
INOD,369.0,0.02,7.380000114440918
INTC,6.35,4.46,28.299999237060547
INTG,854.4,0.05,44.04999923706055
INTU,63.48,6.55,415.9800109863281
INVA,4.98,2.27,11.3100004196167
IOSP,87.96,1.16,102.02999877929688
IPAR,115.31,1.21,139.52000427246094
IPGP,39.33,2.97,116.80000305175781
IRBT,7.47,6.0,44.775001525878906
IRMD,472.47,0.08,38.27000045776367
IROQ,8.51,1.88,15.963000297546387
IRWD,15.97,0.66,10.539999961853027
ISRG,25.1,9.72,243.97000122070312
ISSC,43.06,0.18,7.75
ISTR,8.91,1.74,15.470000267028809
ITI,17.84,0.259,4.619999885559082
ITIC,6.89,20.8,143.3000030517578
ITOS,34.79,0.4,13.880000114440918
ITRN,28.19,0.77,21.850000381469727
JACK,14.6,5.76,84.09500122070312
JAZZ,33.08,4.22,139.60000610351562
JBHT,33.12,5.13,169.9199981689453
JBSS,19.27,4.99,96.18000030517578
JCTCF,5.91,0.98,5.800000190734863
JD,8.04,4.89,39.3650016784668
JFIN,3.79,0.723,2.740000009536743
JJSF,1626.25,0.09,142.9250030517578
JKHY,38.93,3.88,150.97999572753906
JMSB,15.97,1.39,22.229999542236328
JOAN,1.05,1.998,2.0999999046325684
JOUT,8.95,6.78,60.72999954223633
JRSH,19.88,0.241,4.789999961853027
JRVR,135.0,0.16,21.329999923706055
JSM,15.28,,18.3799991607666
JVA,8.63,0.211,1.8200000524520874
JWEL,3.04,0.088,0.267300009727478
JYNT,18.74,0.9,16.8700008392334
JZXN,0.47,0.319,0.1500999927520752
KALU,251.73,0.27,66.95999908447266
KARO,24.89,0.92,22.899999618530273
KBAL,19.56,0.63,12.244999885559082
KDP,33.38,1.05,35.060001373291016
KE,15.62,1.45,22.594999313354492
KFRC,21.99,2.83,62.22999954223633
KHC,85.94,0.44,37.98500061035156
KINS,13.67,0.09,1.2300000190734863
KIRK,2.53,1.12,2.829200029373169
KLAC,32.19,11.91,383.3599853515625
KLIC,37.9,1.39,52.61000061035156
KMDA,11.46,0.38,4.355000019073486
KOSS,47.29,0.094,4.445000171661377
KRNY,12.82,0.7,9.010000228881836
KRT,14.39,0.93,13.3100004196167
KTCC,12.41,0.52,6.465000152587891
KTOS,19.64,0.67,13.199999809265137
LAKE,3.32,4.31,14.311800003051758
LAMR,40.29,2.39,96.22000122070312
LANC,41.24,4.87,200.82000732421875
LARK,5.14,4.1,21.09000015258789
LAZY,8.03,1.56,12.494999885559082
LBAI,12.49,1.34,16.729999542236328
LBC,10.49,0.96,10.104999542236328
LBRDA,36.71,2.17,79.66999816894531
LBRDK,36.8,2.17,79.86499786376953
LBRDP,7.12,3.23,23.040000915527344
LCNB,10.5,1.57,16.479999542236328
LE,25.82,0.33,8.520000457763672
LECO,44.35,3.74,165.8699951171875
LEE,10.05,1.32,13.244999885559082
LEGH,13.62,1.57,21.350000381469727
LESL,16.96,0.67,11.359999656677246
LFUS,38.97,6.62,257.9200134277344
LFVN,4.28,0.811,3.4700000286102295
LGIH,7.1,15.06,106.92500305175781
LGND,29.75,2.4,71.5
LGO,11.33,0.427,4.840000152587891
LINC,3.56,1.49,5.289999961853027
LINK,535.29,0.02,9.099900245666504
LITE,21.08,2.44,51.349998474121094
LIVE,7.36,4.54,33.45000076293945
LKFN,18.75,3.53,66.19999694824219
LKQ,22.13,2.49,55.16999816894531
LMAT,43.53,1.16,50.4900016784668
LMB,22.93,0.72,16.510000228881836
LMST,16.74,1.38,23.094999313354492
LNKB,13.84,0.49,6.795000076293945
LNT,21.01,2.47,51.904998779296875
LOAN,11.65,0.45,5.232699871063232
LOCO,16.35,0.68,11.119999885559082
LOGI,9.73,5.51,53.625
LOPE,20.2,5.45,110.0999984741211
LOVE,24.06,0.96,23.100000381469727
LPLA,39.22,5.53,216.84500122070312
LPRO,6.61,1.05,6.954999923706055
LPTH,30.21,0.047,1.4199999570846558
LQDT,75.23,0.17,13.015000343322754
LRCX,21.45,23.65,507.3450012207031
LRFC,30.45,0.68,20.799999237060547
LSBK,10.96,0.94,10.59000015258789
LSCC,274.09,0.34,93.19000244140625
LSEA,11.95,0.53,6.34499979019165
LSTR,29.12,5.95,173.3300018310547
LTRY,6.91,0.055,0.3799000084400177
LULU,66.63,4.5,299.8500061035156
LUNA,60.0,0.11,6.360000133514404
LVLU,19.93,0.134,2.6700000762939453
LWAY,30.05,0.21,6.21999979019165
LX,4.88,0.483,2.3550000190734863
LXEH,1.8,0.434,0.7793970108032227
LYTS,52.39,0.26,13.675000190734863
MANH,107.99,1.36,146.8699951171875
MARPS,38.42,0.18,7.070000171661377
MASI,44.66,3.94,176.00999450683594
MAT,26.14,0.63,16.600000381469727
MATW,87.98,0.41,36.06999969482422
MBCN,15.07,1.79,26.969999313354492
MBIN,3.79,7.06,26.790000915527344
MBINN,2.58,7.38,19.06999969482422
MBINO,2.67,7.38,19.67919921875
MBINP,3.23,7.06,22.809999465942383
MBUU,16.34,3.4,55.564998626708984
MBWM,10.7,2.93,31.360000610351562
MCBC,11.41,0.92,10.5
MCBS,11.46,1.53,17.540000915527344
MCHP,65.48,1.26,82.37000274658203
MCRI,47.3,1.56,73.83999633789062
MCVT,10.49,0.204,2.200000047683716
MDJH,63.64,0.022,1.399999976158142
MDLZ,25.63,2.64,67.65499877929688
MDRX,2.8,4.75,13.3100004196167
MEDP,43.81,4.22,185.00999450683594
MESA,2.68,0.867,2.325000047683716
MGEE,28.74,2.6,74.58999633789062
MGIC,28.13,0.49,13.699999809265137
MGNI,210.44,0.05,9.470000267028809
MGPI,39.9,2.37,94.44000244140625
MGRC,23.04,4.06,93.58100128173828
MGYR,15.6,0.71,11.119999885559082
MHLD,2.32,0.93,2.1549999713897705
MIDD,37.3,3.76,140.24000549316406
MITK,41.38,0.22,8.979999542236328
MKSI,11.92,7.28,86.7699966430664
MKTX,47.86,8.0,382.9049987792969
MLVF,58.13,0.28,16.15999984741211
MMMB,15.0,0.12,1.7999999523162842
MMSI,945.93,0.08,70.94499969482422
MNDO,7.44,0.27,2.009999990463257
MNRO,87.84,0.55,48.224998474121094
MNSB,11.19,2.08,23.239999771118164
MNSBP,7.9,3.0,23.700000762939453
MNST,39.19,2.64,103.45500183105469
MODV,54.03,1.59,86.12000274658203
MOFG,12.92,1.88,24.239999771118164
MOMO,5.69,1.49,8.489999771118164
MOR,4.46,0.8955,3.990000009536743
MORN,31.83,5.9,187.88999938964844
MPAA,11.75,0.65,7.639999866485596
MPB,7.35,3.75,27.579999923706055
MPWR,142.72,3.5,499.5199890136719
MRBK,2.41,5.57,13.420000076293945
MRCC,91.96,0.08,7.264999866485596
MRCY,33.64,1.44,48.404998779296875
MRTN,23.09,0.89,20.549999237060547
MRVI,3.02,4.71,14.229999542236328
MSBI,13.01,1.72,22.43000030517578
MSEX,34.32,2.18,74.91999816894531
MSFT,37.12,7.34,272.3949890136719
MSVB,29.9,0.38,11.510000228881836
MTCH,78.57,0.49,38.34000015258789
MTEX,6.05,2.77,16.760099411010742
MU,20.84,2.81,58.595001220703125
MVBF,6.28,3.65,22.920000076293945
MYFW,5.52,3.64,20.100000381469727
MYRG,29.66,4.06,120.3499984741211
NAII,16.64,0.56,9.350000381469727
NARI,230.9,0.28,65.57499694824219
NATH,24.52,2.95,72.30000305175781
NATI,452.08,0.11,51.084999084472656
NATR,10.07,1.07,10.779999732971191
NAVI,3.45,4.65,16.049999237060547
NBIX,23.26,4.16,96.7750015258789
NBN,11.5,3.4,39.099998474121094
NBTB,11.75,3.05,35.849998474121094
NCTY,0.08,11.211,0.8701000213623047
NDAQ,8.79,6.15,54.06999969482422
NDSN,44.28,4.7,208.16000366210938
NECB,12.99,1.02,13.25
NEGG,7.53,0.202,1.5204999446868896
NEO,498.68,0.04,18.950000762939453
NEOG,16.26,1.16,18.84000015258789
NERV,35.21,0.048,1.690000057220459
NESR,9.1,0.56,5.09499979019165
NEWT,8.01,1.59,12.739999771118164
NEWTL,13.11,,24.740800857543945
NFBK,12.23,1.03,12.65999984741211
NFLX,37.07,8.26,306.2900085449219
NGMS,38.54,0.41,15.725000381469727
NHTC,72.57,0.07,5.079999923706055
NICE,71.0,2.98,211.5800018310547
NICK,4.85,1.15,5.599899768829346
NISN,0.53,0.817,0.42980000376701355
NIU,11.27,0.331,3.7300000190734863
NKSH,13.42,2.61,35.0
NMFC,20.07,0.6,12.045000076293945
NMIH,10.82,2.02,21.860000610351562
NMRK,17.58,0.39,6.855000019073486
NODK,6.73,1.84,12.390000343322754
NOTV,25.35,0.186,4.715000152587891
NOVT,120.25,1.25,150.30999755859375
NRC,30.73,1.45,44.55500030517578
NRIM,6.91,6.92,47.7599983215332
NSIT,28.5,4.87,138.78500366210938
NSSC,90.4,0.39,35.165000915527344
NTAP,24.27,2.64,64.05999755859375
NTCT,140.27,0.2,28.475000381469727
NTES,30.92,2.78,85.95999908447266
NTGR,6.48,2.73,17.709999084472656
NTRS,15.6,5.61,87.50499725341797
NTRSO,3.34,6.34,21.170000076293945
NTWK,11.28,0.226,2.549999952316284
NVCR,565.29,0.1,58.790000915527344
NVDA,38.09,6.9,262.8599853515625
NVEC,30.82,2.47,76.0
NVEE,62.68,1.65,103.41999816894531
NVEI,53.24,0.8,42.70000076293945
NVMI,60.61,1.65,100.0
NWBI,15.18,0.86,12.979999542236328
NWE,16.97,3.3,56.005001068115234
NWFL,13.12,2.27,29.829999923706055
NWL,8.24,1.41,11.595000267028809
NWLI,9.6,25.39,243.7993927001953
NWPX,15.39,2.09,32.099998474121094
NXGN,214.63,0.08,17.600000381469727
NXPI,120.6,1.5,181.1300048828125
NXST,9.4,17.37,163.33999633789062
NYMTL,34.29,0.5,17.18000030517578
NYMTM,39.94,0.5,20.010000228881836
NYMTZ,32.93,0.5,16.5
OBNK,13.08,2.6,34.040000915527344
OBT,11.71,4.1,48.040000915527344
OCCI,2.26,4.09,9.240900039672852
OCCIN,8.5,2.63,22.3700008392334
OCCIO,8.71,2.63,22.90999984741211
OCFC,15.63,1.27,19.93000030517578
OCFCP,11.75,1.94,22.790000915527344
OCG,0.74,0.644,0.4767000079154968
OCSL,28.9,0.64,18.639999389648438
ODFL,53.55,6.27,336.0
OESX,17.05,0.112,1.909999966621399
OFED,24.76,0.74,18.299999237060547
OFLX,57.46,1.97,113.31999969482422
OFS,38.04,0.28,10.5
OLED,52.46,2.8,146.88999938964844
OLLI,14.44,3.68,53.13999938964844
OLPX,21.76,0.187,4.070000171661377
OMAB,151.78,0.55,83.77999877929688
OMCL,75.54,0.79,59.375
ON,103.63,0.79,81.44999694824219
ONB,8.63,1.75,15.135000228881836
ONEW,3.58,6.96,24.899999618530273
OPBK,9.85,0.97,9.550000190734863
OPCH,70.56,0.45,31.81999969482422
OPI,18.04,0.69,12.444999694824219
OPK,7.09,0.189,1.340000033378601
OPOF,17.39,1.37,23.80340003967285
OPRA,5.19,1.68,8.720000267028809
OPRT,2.69,1.424,3.8299999237060547
OPXS,10.29,0.307,3.1600000858306885
ORGN,7.42,0.532,3.950000047683716
ORGO,12.75,0.16,2.0399999618530273
ORGS,4.93,0.294,1.4500999450683594
ORLY,30.76,26.65,819.60498046875
ORRF,7.31,2.86,20.90999984741211
OSBC,11.35,1.31,14.885000228881836
OSIS,28.98,3.39,98.37999725341797
OSTK,10.51,1.94,20.375
OTEX,115.35,0.33,38.18000030517578
OTTR,28.47,2.47,70.37000274658203
OVBC,8.53,2.67,22.790000915527344
OVLY,12.91,1.88,24.270000457763672
OXLCO,6.74,3.09,20.84000015258789
OXLCP,7.09,3.09,21.899999618530273
OXSQ,1.51,2.07,3.1182000637054443
OXSQL,29.84,,24.440000534057617
OZK,11.43,3.33,38.0099983215332
OZKAP,3.77,4.24,16.0
PAAS,20.06,0.85,16.9950008392334
PACW,4.16,2.94,12.1850004196167
PAHC,13.85,1.09,15.100000381469727
PALT,6.41,0.259,1.659999966621399
PANL,21.27,0.26,5.53000020980835
PATI,53.45,0.15,7.909999847412109
PATK,13.02,5.34,69.52999877929688
PAX,15.38,0.96,14.71500015258789
PAYX,37.86,2.92,110.54000091552734
PBFS,332.35,0.03,9.970499992370605
PBHC,14.58,1.24,18.049999237060547
PCAR,17.62,4.06,71.54499816894531
PCB,11.01,1.36,15.0
PCH,10.57,4.66,49.2599983215332
PCRX,12.13,3.33,40.334999084472656
PCTI,22.23,0.188,4.179999828338623
PCTY,154.62,1.19,183.69000244140625
PCYG,50.3,0.12,6.035699844360352
PCYO,11.62,0.79,9.180000305175781
PDEX,12.95,1.32,17.149999618530273
PDLB,18.05,0.45,8.140000343322754
PEBK,14.13,2.26,31.969999313354492
PEBO,10.42,2.58,26.905000686645508
PECO,340.76,0.09,31.350000381469727
PEP,32.95,5.4,178.00999450683594
PERI,101.36,0.36,36.4900016784668
PESI,39.78,0.23,9.030900001525879
PETS,11.46,1.52,17.420000076293945
PFBC,12.04,4.99,60.09000015258789
PFC,6.25,3.52,21.9950008392334
PFG,12.84,5.88,75.4800033569336
PFIS,9.67,4.6,44.5
PFX,78.62,0.48,36.67499923706055
PGC,16.43,1.97,32.43000030517578
PGNY,37.07,0.91,33.599998474121094
PHAR,34.87,0.3,10.460000038146973
PINC,12.63,2.55,32.1349983215332
PKBK,7.11,2.55,18.159500122070312
PLAB,34.69,0.49,16.959999084472656
PLBC,11.57,2.99,34.58000183105469
PLMR,231.25,0.24,55.52000045776367
PLPC,18.3,6.7,122.55000305175781
PLTK,15.84,0.7,11.024999618530273
PLUS,9.27,5.38,49.869998931884766
PLXS,18.91,5.12,96.86000061035156
PMTS,28.33,1.43,40.650001525878906
PNFP,11.09,5.27,58.5099983215332
PNFPP,3.48,6.46,22.5
PNTG,42.13,0.29,12.260000228881836
PODD,3251.5,0.1,325.1499938964844
POOL,32.58,10.64,346.79998779296875
POWI,54.36,1.56,84.8499984741211
POWL,36.43,1.15,41.88999938964844
POWWP,106.34,0.23,24.670000076293945
PPBI,22.77,1.15,26.299999237060547
PPC,43.52,0.52,22.725000381469727
PRAA,12.4,3.26,40.43000030517578
PRDO,8.58,1.57,13.460000038146973
PRFT,64.93,1.07,69.5999984741211
PRGS,34.14,1.72,58.720001220703125
PRIM,11.39,2.16,24.594999313354492
PROV,17.83,0.77,13.710000038146973
PRPL,31.81,0.08,2.5450000762939453
PRTH,9.92,0.38,3.7699999809265137
PSEC,5.82,1.2,7.005000114440918
PSMT,24.3,2.88,69.95999908447266
PTC,64.0,1.88,120.38999938964844
PTLO,358.98,0.06,21.18000030517578
PTMN,32.19,0.63,20.280000686645508
PTRS,32.83,0.24,8.010000228881836
PTSI,5.1,5.39,27.479999542236328
PTVE,6.14,1.29,7.900000095367432
PUBM,18.75,0.71,13.350000381469727
PVBC,9.6,0.83,7.96999979019165
PWOD,10.33,2.21,22.84000015258789
PYPL,21.67,3.54,76.72000122070312
PYR,29.7,0.033,0.9800000190734863
PZZA,64.55,1.28,82.62000274658203
QCOM,17.73,6.98,123.80000305175781
QCRH,11.09,4.22,46.810001373291016
QDEL,4.62,18.6,85.9000015258789
QFIN,5.09,3.52,17.920000076293945
QIWI,3.01,1.88,5.670000076293945
QLI,12.46,0.114,1.4199999570846558
QLYS,55.1,2.24,123.43000030517578
QNST,26.74,0.57,15.239999771118164
QRHC,124.2,0.05,6.210000038146973
QRTEA,0.34,2.86,0.9581000208854675
QRTEB,1.73,2.86,4.958399772644043
QRVO,24.28,4.16,100.91999816894531
RAND,42.21,0.33,13.845000267028809
RBB,8.55,1.95,16.690000534057617
RBBN,7.62,0.501,3.819999933242798
RBCAA,11.51,3.65,42.06999969482422
RBKB,15.55,0.55,8.550000190734863
RCKY,8.18,2.86,23.389999389648438
RCM,42.81,0.33,14.0
RDWR,102.9,0.2,20.579999923706055
REG,223.42,0.26,58.09000015258789
REGN,24.89,30.52,759.760009765625
REYN,17.1,1.58,26.969999313354492
RGCO,17.26,1.38,23.90999984741211
RGEN,156.8,1.11,174.0500030517578
RGLD,31.5,3.87,121.88999938964844
RGP,16.01,1.1,17.610000610351562
RILY,1.54,20.35,31.40999984741211
RILYL,0.93,20.35,19.0
RILYP,0.77,19.45,14.989999771118164
RMBI,11.04,0.94,10.380000114440918
RMR,14.85,1.73,25.68000030517578
RNST,12.87,2.46,31.709999084472656
ROAD,33.71,0.82,27.639999389648438
ROCK,24.43,1.96,47.90999984741211
ROIC,55.88,0.23,13.020000457763672
ROST,433.92,0.24,104.13999938964844
RPRX,18.27,1.93,35.189998626708984
RRBI,11.93,4.01,47.83000183105469
RSVR,5.31,1.18,6.28000020980835
RSVRW,0.04,,1.5
RUSHA,21.98,2.42,53.27000045776367
RUSHB,23.94,2.42,58.02000045776367
RVSB,11.53,0.47,5.420000076293945
SABSW,0.16,,0.04800000041723251
SAFT,8.07,9.18,74.05999755859375
SAGE,3.79,11.43,43.290000915527344
SAIA,50.82,5.54,281.510009765625
SAL,5.09,5.07,25.780000686645508
SAMG,16.64,1.05,17.440000534057617
SANM,20.87,2.81,58.61000061035156
SASR,8.16,3.4,27.770000457763672
SBAC,206.35,1.24,254.83999633789062
SBCF,13.03,2.02,26.299999237060547
SBFG,4.65,2.84,13.199999809265137
SBLK,208.9,0.1,20.889999389648438
SBNY,6.18,11.34,70.0
SBNYP,0.85,13.95,11.899999618530273
SBRA,16.15,0.67,10.819999694824219
SBSI,10.16,3.4,34.529998779296875
SBUX,118.42,0.85,100.54000091552734
SCHN,14.72,2.04,30.020000457763672
SCPL,19.35,0.86,16.639999389648438
SCVL,20.85,1.12,23.350000381469727
SECO,7.67,0.073,0.5600000023841858
SEDG,123.75,2.4,296.510009765625
SEIC,17.9,3.17,56.720001220703125
SELF,174.33,0.03,5.230000019073486
SENEA,3.68,14.38,53.0
SENEB,3.59,14.38,51.70000076293945
SFBC,9.48,4.06,38.470001220703125
SFM,13.69,2.43,33.27000045776367
SFNC,8.49,2.25,19.079999923706055
SFST,10.19,3.3,33.560001373291016
SGC,2.66,3.08,8.1899995803833
SGEN,55.78,3.58,199.91000366210938
SGH,24.2,0.65,15.829999923706055
SGRP,8.11,0.159,1.2899999618530273
SHBI,10.87,1.36,14.789999961853027
SHC,132.06,0.14,17.959999084472656
SHEN,5.83,3.29,19.18000030517578
SHLS,268.52,0.08,21.75
SHOO,138.83,0.26,35.68000030517578
SHYF,14.85,1.55,23.09000015258789
SIEB,15.88,0.097,1.5399999618530273
SIFY,0.33,3.9,1.2899999618530273
SIGA,7.59,0.71,5.389999866485596
SIGI,16.87,5.61,94.63999938964844
SIGIP,2.49,7.03,17.479999542236328
SILC,37.76,0.97,36.59000015258789
SILO,59.68,0.031,1.850000023841858
SIMO,28.71,2.28,65.44999694824219
SIRI,292.31,0.013,3.799999952316284
SITM,184.54,0.73,134.16000366210938
SIVB,3.49,30.38,106.04000091552734
SIVBP,0.47,32.6,15.229999542236328
SJ,4.42,0.903,3.990000009536743
SLAB,335.87,0.52,176.3300018310547
SLM,4.07,3.07,12.479999542236328
SLMBP,18.77,3.07,57.61000061035156
SLP,80.24,0.54,43.33000183105469
SLRC,41.09,0.37,15.039999961853027
SMBC,9.18,4.44,40.79999923706055
SMBK,11.38,2.07,23.540000915527344
SMCI,66.13,1.64,108.25
SMID,36.04,0.51,18.3799991607666
SMLR,10.9,2.01,21.90999984741211
SMMF,7.81,2.86,22.34000015258789
SMPL,53.75,0.7,37.56999969482422
SMSI,11.6,0.1,1.159999966621399
SMTC,33.85,0.91,30.799999237060547
SNBR,4.78,5.98,28.59000015258789
SNCY,14.71,1.28,18.81999969482422
SND,1.86,0.94,1.75
SNEX,17.07,5.74,98.0
SNFCA,2.12,2.88,6.110000133514404
SNPS,80.94,4.62,374.3599853515625
SNT,3.58,0.371,1.3300000429153442
SNTG,14.39,0.131,1.8849999904632568
SNY,8.32,5.84,48.560001373291016
SOFO,5.14,0.169,0.8684999942779541
SONO,54.13,0.36,19.540000915527344
SOTK,66.36,0.08,5.308599948883057
SOVO,221.41,0.07,15.720000267028809
SPFI,7.81,2.91,22.739999771118164
SPNS,32.42,0.65,21.06999969482422
SPSC,116.06,1.28,148.44000244140625
SPTN,11.68,2.12,24.719999313354492
SPWH,3.91,2.06,8.050000190734863
SPWR,5.52,2.48,13.6899995803833
SRAD,0.25,41.51,10.5
SRCE,12.86,3.63,46.650001525878906
SRDX,33.87,0.52,17.68000030517578
SSB,20.01,3.78,75.66000366210938
SSBI,7.62,1.88,14.319999694824219
SSBK,10.73,2.24,24.100000381469727
SSNC,21.17,2.63,55.65999984741211
SSNT,76.15,0.039,2.9700000286102295
SSP,2.88,3.24,9.350000381469727
SSRM,15.87,0.87,13.84000015258789
SSSS,0.4,8.669,3.5
SSTI,379.5,0.1,37.95000076293945
STAA,543.42,0.12,65.20999908447266
STBA,33.2,1.01,33.400001525878906
STEP,4.18,5.98,25.020000457763672
STKL,10.11,0.75,7.570000171661377
STLD,29.69,3.74,111.05000305175781
STNE,17.89,0.54,9.569999694824219
STRA,33.93,2.59,87.8499984741211
STRL,22.08,1.76,38.779998779296875
STRM,280.0,0.006,1.6799999475479126
STRT,8.62,2.39,20.649999618530273
STX,15.69,3.96,62.099998474121094
SUPN,15.55,2.36,36.70000076293945
SURF,0.42,1.566,0.6600000262260437
SVA,6.66,,6.46999979019165
SWBI,2.06,5.43,11.1899995803833
SWKH,45.4,0.4,18.15999984741211
SWKS,16.16,7.22,116.76499938964844
SY,263.75,0.008,2.109999895095825
SYBT,18.1,3.0,54.310001373291016
SYNA,27.91,3.94,110.04000091552734
SYNH,18.64,1.88,35.040000915527344
SYPR,25.7,0.079,2.0299999713897705
TAIT,15.34,0.232,3.559999942779541
TANNI,35.56,,25.5
TANNL,35.21,,25.245800018310547
TANNZ,35.5,,25.450000762939453
TAYD,28.52,0.57,16.170000076293945
TBBK,19.04,1.59,30.25
TBCP,301.16,0.03,9.938199996948242
TBCPU,300.91,0.03,9.930000305175781
TBNK,9.66,2.08,20.100000381469727
TCBI,19.52,2.83,55.33000183105469
TCBIO,4.18,4.55,19.0
TCBK,16.44,2.76,45.380001068115234
TCBS,207.69,0.07,13.914999961853027
TCBX,8.39,1.96,16.440000534057617
TCFC,10.56,3.34,35.2599983215332
TCOM,122.9,0.31,38.099998474121094
TCPC,8.03,1.23,9.890000343322754
TCX,43.11,0.54,23.280000686645508
TECH,16.8,4.4,73.8499984741211
TECTP,4.41,2.21,9.751999855041504
TER,24.18,4.4,106.36000061035156
TETC,175.21,0.06,10.16189956665039
TETCU,175.01,0.06,10.150400161743164
TFSL,41.84,0.31,12.970000267028809
THFF,9.82,3.99,39.150001525878906
THRM,24.29,2.44,59.34000015258789
THRY,3.95,5.83,23.030000686645508
TIG,10.99,0.55,6.090000152587891
TIGR,27.28,0.114,3.109999895095825
TITN,33.37,0.86,28.700000762939453
TMUS,54.65,2.65,144.6699981689453
TOMZ,2.54,0.24,0.6101999878883362
TOWN,10.7,2.6,27.829999923706055
TRMB,32.19,1.55,49.900001525878906
TRMD,29.67,1.19,35.189998626708984
TRMK,8.73,2.98,26.030000686645508
TRMR,5.99,0.94,5.619999885559082
TRNS,93.02,0.94,87.44000244140625
TROW,9.38,11.78,110.4800033569336
TRST,62.4,0.55,34.380001068115234
TRUE,3.07,0.72,2.2100000381469727
TSAT,3.47,2.07,7.159999847412109
TSBK,8.81,3.23,28.469999313354492
TSCO,32.64,7.22,235.6699981689453
TSEM,53.51,0.76,40.66999816894531
TSLA,197.98,1.0,197.5800018310547
TTD,11.97,4.95,59.2400016784668
TTEC,14.73,2.52,37.119998931884766
TTEK,41.5,3.44,142.80999755859375
TTGT,58.73,0.61,35.709999084472656
TTMI,7.78,1.65,12.8100004196167
TTSH,16.89,0.28,4.730000019073486
TTWO,27.78,4.27,118.58999633789062
TURN,50.0,0.1,5.0
TW,77.82,0.97,75.33000183105469
TWNK,48.55,0.51,24.760000228881836
TXN,27.02,6.6,178.41000366210938
TXRH,93.99,1.13,106.4000015258789
UBCP,11.14,1.38,15.430000305175781
UBFO,14.42,0.45,6.460000038146973
UBSI,13.38,2.79,37.36000061035156
UCBI,12.2,2.33,28.479999542236328
UCBIO,6.78,3.07,20.799999237060547
UCTT,13.7,2.26,30.90999984741211
UEIC,3.47,2.72,9.430000305175781
UFPI,15.76,5.05,79.62000274658203
UFPT,68.49,1.77,121.22000122070312
UG,12.87,0.72,9.25
ULBI,13.47,0.3,4.039999961853027
ULH,12.68,2.13,27.0
ULTA,165.89,3.11,515.9099731445312
UMBF,8.1,7.92,64.19000244140625
UNB,8.13,2.85,23.18000030517578
UNTY,9.55,2.5,23.8700008392334
UPC,0.99,0.599,0.590499997138977
UPST,15.38,0.99,15.210000038146973
URBN,2661.0,0.01,26.610000610351562
USLM,28.9,5.26,152.0
UTHR,19.27,11.54,222.3300018310547
UTMD,32.1,2.92,93.83999633789062
UVSP,9.48,2.68,25.420000076293945
VABK,12.32,2.97,36.54999923706055
VALU,23.13,1.98,45.75
VBFC,6.9,7.89,54.5
VBTX,10.27,2.05,21.040000915527344
VCEL,506.67,0.06,30.399999618530273
VCTR,10.71,2.88,30.850000381469727
VEEE,7.21,0.244,1.7599999904632568
VERU,69.13,0.023,1.590000033378601
VFF,4.79,0.19,0.9100000262260437
VIA,5.74,0.93,5.309999942779541
VIASP,25.19,0.93,23.300399780273438
VIAV,83.05,0.13,10.630000114440918
VICR,56.17,0.78,43.59000015258789
VINP,13.06,0.65,8.449999809265137
VIOT,2.85,0.371,1.0585999488830566
VIRT,3.39,5.26,17.850000381469727
VITL,108.93,0.13,14.270000457763672
VLGEA,11.82,1.94,22.950000762939453
VLY,9.97,1.0,9.970000267028809
VLYPO,22.65,1.0,22.649999618530273
VLYPP,21.82,1.0,21.81999969482422
VMD,40.83,0.24,9.84000015258789
VNDA,15.98,0.42,6.710000038146973
VOD,10.92,1.03,11.25
VRA,23.35,0.26,6.070000171661377
VRSK,43.18,4.31,186.10000610351562
VRSN,36.32,5.52,200.60000610351562
VRTS,11.93,14.85,177.10000610351562
VRTX,28.85,10.49,302.6600036621094
VTRU,84.29,0.27,23.010000228881836
VTSI,20.26,0.19,3.8499999046325684
VWE,10.76,0.105,1.1299999952316284
VYGR,7.94,0.98,7.78000020980835
WABC,15.7,3.1,48.689998626708984
WAFD,16.2,1.98,32.13999938964844
WAFDP,6.65,2.39,15.899999618530273
WASH,8.16,4.49,36.68000030517578
WAVD,14.43,0.044,0.6349999904632568
WB,12.26,1.38,16.920000076293945
WDC,31.03,1.14,35.470001220703125
WDFC,31.98,5.44,174.00999450683594
WEN,41.13,0.52,21.389999389648438
WERN,15.65,2.79,43.689998626708984
WETG,17.65,0.017,0.3000999987125397
WFCF,59.32,0.22,13.050000190734863
WHF,8.3,1.54,12.800000190734863
WILC,17.83,0.73,12.930000305175781
WINA,37.09,8.25,306.0799865722656
WING,194.26,0.95,184.5500030517578
WIRE,37.61,4.78,179.97000122070312
WKHS,1.99,0.7,1.3899999856948853
WLFC,54.68,1.05,57.40999984741211
WMG,52.35,0.58,30.56999969482422
WMPN,93.04,0.12,11.630000114440918
WNEB,14.72,0.6,8.859999656677246
WRLD,8.5,9.69,82.37999725341797
WSBC,13.08,2.47,32.31999969482422
WSBCP,6.44,3.45,22.200000762939453
WSBF,3.87,3.98,15.430000305175781
WSFS,11.76,3.4,39.9900016784668
WTBA,8.76,2.19,19.209999084472656
WTFC,12.47,6.17,76.9800033569336
WTFCM,3.6,6.17,22.25
WTFCP,3.01,7.62,22.969999313354492
WVVI,13.42,0.46,6.159999847412109
WVVIP,11.15,0.46,5.119999885559082
WW,4.14,1.07,4.429999828338623
WWD,29.13,3.18,92.55999755859375
XEL,22.59,2.9,65.5
XOMA,24.88,0.78,19.479999542236328
XOMAO,285.03,0.08,23.37220001220703
XOMAP,295.37,0.08,24.220500946044922
XOS,5.9,0.092,0.5430999994277954
XP,11.95,0.99,11.779999732971191
XPEL,57.32,1.14,65.29000091552734
XRX,14.47,1.06,15.300000190734863
YGMZ,46.92,0.026,1.2200000286102295
YNDX,32.54,0.58,18.940000534057617
YORW,34.76,1.27,44.13999938964844
YY,1.54,18.53,28.59000015258789
ZBRA,31.49,9.35,294.42999267578125
ZCMD,6.91,0.16,1.1050000190734863
ZD,18.34,4.12,75.56999969482422
ZION,6.56,4.92,32.290000915527344
ZIONO,3.18,7.08,22.510000228881836
ZIONP,2.81,7.08,19.899999618530273
ZM,31.9,2.25,71.8499984741211
ZUMZ,6.18,3.0,18.549999237060547
ZYXI,73.58,0.15,11.109999656677246
